tick	simSeconds	speedMps	physicalEdge	physicalM	beforeAtcEdge	beforeAtcM	afterAtcEdge	afterAtcM	direction	positionKnown	healthy	enabled	telegramPresent	telegramValid	issuedAt	telegramKeys	keyFound	path	normalSamples	hasValidPattern	normalAllowKmh	emergencyRequired	emergencyHold	hasBrakeSettings	hasSpeed	hasMass	routes	rearPhysicalEdge	rearPhysicalM	beforeRearEdge	beforeRearM	afterRearEdge	afterRearM	rearTelegramKeys	masterPatternValid	masterSpeedPresent	masterSpeedKmh
1100	16.4999996311963	0	nt-approach	408	edge:nt-approach:0:1000	408	edge:nt-approach:0:1000	408	AtoB	True	True	True	True	True	43216.4849996315	edge:nt-approach:0:1000:AtoB	True	edge:nt-approach:0:1000,edge:nt-approach:1000:1020,edge:nt-main:0:100,edge:nt-main:100:380	281	True	120	False	False	True	True	True	21T-1RT:missing;21T-2RT:proceed=True,path=True,locked=True,cancel=False;1RT-22T:missing;2RT-22T:missing	nt-approach	228	edge:nt-approach:0:1000	228	edge:nt-approach:0:1000	228	edge:nt-approach:0:1000:AtoB	True	True	120
1200	17.9999995976686	0	nt-approach	408	edge:nt-approach:0:1000	408	edge:nt-approach:0:1000	408	AtoB	True	True	True	True	True	43217.984999598	edge:nt-approach:0:1000:AtoB	True	edge:nt-approach:0:1000,edge:nt-approach:1000:1020,edge:nt-main:0:100,edge:nt-main:100:380	281	True	120	False	False	True	True	True	21T-1RT:missing;21T-2RT:proceed=True,path=True,locked=True,cancel=False;1RT-22T:missing;2RT-22T:missing	nt-approach	228	edge:nt-approach:0:1000	228	edge:nt-approach:0:1000	228	edge:nt-approach:0:1000:AtoB	True	True	120
1300	19.499999564141	0.456992	nt-approach	408.1728	edge:nt-approach:0:1000	408.166	edge:nt-approach:0:1000	408.1728	AtoB	True	True	True	True	True	43219.4849995645	edge:nt-approach:0:1000:AtoB	True	edge:nt-approach:0:1000,edge:nt-approach:1000:1020,edge:nt-main:0:100,edge:nt-main:100:380	281	True	120	False	False	True	True	True	21T-1RT:missing;21T-2RT:proceed=True,path=True,locked=True,cancel=False;1RT-22T:missing;2RT-22T:missing	nt-approach	228.1728	edge:nt-approach:0:1000	228.1661	edge:nt-approach:0:1000	228.1729	edge:nt-approach:0:1000:AtoB	True	True	120
1400	20.9999995306134	1.175803	nt-approach	409.3533	edge:nt-approach:0:1000	409.3358	edge:nt-approach:0:1000	409.3533	AtoB	True	True	True	True	True	43220.9849995309	edge:nt-approach:0:1000:AtoB	True	edge:nt-approach:0:1000,edge:nt-approach:1000:1020,edge:nt-main:0:100,edge:nt-main:100:380	281	True	120	False	False	True	True	True	21T-1RT:missing;21T-2RT:proceed=True,path=True,locked=True,cancel=False;1RT-22T:missing;2RT-22T:missing	nt-approach	229.3533	edge:nt-approach:0:1000	229.3359	edge:nt-approach:0:1000	229.3535	edge:nt-approach:0:1000:AtoB	True	True	120
1500	22.4999994970858	2.309566	nt-approach	411.9545	edge:nt-approach:0:1000	411.9199	edge:nt-approach:0:1000	411.9545	AtoB	True	True	True	True	True	43222.4849994974	edge:nt-approach:0:1000:AtoB	True	edge:nt-approach:0:1000,edge:nt-approach:1000:1020,edge:nt-main:0:100,edge:nt-main:100:380	281	True	120	False	False	True	True	True	21T-1RT:missing;21T-2RT:proceed=True,path=True,locked=True,cancel=False;1RT-22T:missing;2RT-22T:missing	nt-approach	231.9545	edge:nt-approach:0:1000	231.9202	edge:nt-approach:0:1000	231.9547	edge:nt-approach:0:1000:AtoB	True	True	120
1600	23.9999994635582	3.461077	nt-approach	416.2827	edge:nt-approach:0:1000	416.2309	edge:nt-approach:0:1000	416.2827	AtoB	True	True	True	True	True	43223.9849994639	edge:nt-approach:0:1000:AtoB	True	edge:nt-approach:0:1000,edge:nt-approach:1000:1020,edge:nt-main:0:100,edge:nt-main:100:380	281	True	120	False	False	True	True	True	21T-1RT:missing;21T-2RT:proceed=True,path=True,locked=True,cancel=False;1RT-22T:missing;2RT-22T:missing	nt-approach	236.2827	edge:nt-approach:0:1000	236.2312	edge:nt-approach:0:1000	236.283	edge:nt-approach:0:1000:AtoB	True	True	120
1700	25.4999994300306	4.610616	nt-approach	422.3367	edge:nt-approach:0:1000	422.2677	edge:nt-approach:0:1000	422.3367	AtoB	True	True	True	True	True	43225.4849994304	edge:nt-approach:0:1000:AtoB	True	edge:nt-approach:0:1000,edge:nt-approach:1000:1020,edge:nt-main:0:100,edge:nt-main:100:380	281	True	120	False	False	True	True	True	21T-1RT:missing;21T-2RT:proceed=True,path=True,locked=True,cancel=False;1RT-22T:missing;2RT-22T:missing	nt-approach	242.3367	edge:nt-approach:0:1000	242.268	edge:nt-approach:0:1000	242.337	edge:nt-approach:0:1000:AtoB	True	True	120
1800	26.999999396503	5.758739	nt-approach	430.114	edge:nt-approach:0:1000	430.0277	edge:nt-approach:0:1000	430.114	AtoB	True	True	True	True	True	43226.9849993968	edge:nt-approach:0:1000:AtoB	True	edge:nt-approach:0:1000,edge:nt-approach:1000:1020,edge:nt-main:0:100,edge:nt-main:100:380	281	True	120	False	False	True	True	True	21T-1RT:missing;21T-2RT:proceed=True,path=True,locked=True,cancel=False;1RT-22T:missing;2RT-22T:missing	nt-approach	250.114	edge:nt-approach:0:1000	250.028	edge:nt-approach:0:1000	250.1143	edge:nt-approach:0:1000:AtoB	True	True	120
1900	28.4999993629754	6.905515	nt-approach	439.6123	edge:nt-approach:0:1000	439.5089	edge:nt-approach:0:1000	439.6123	AtoB	True	True	True	True	True	43228.4849993633	edge:nt-approach:0:1000:AtoB	True	edge:nt-approach:0:1000,edge:nt-approach:1000:1020,edge:nt-main:0:100,edge:nt-main:100:380	281	True	120	False	False	True	True	True	21T-1RT:missing;21T-2RT:proceed=True,path=True,locked=True,cancel=False;1RT-22T:missing;2RT-22T:missing	nt-approach	259.6123	edge:nt-approach:0:1000	259.5092	edge:nt-approach:0:1000	259.6126	edge:nt-approach:0:1000:AtoB	True	True	120
2000	29.9999993294477	8.051253	nt-approach	450.8301	edge:nt-approach:0:1000	450.7094	edge:nt-approach:0:1000	450.8301	AtoB	True	True	True	True	True	43229.9849993298	edge:nt-approach:0:1000:AtoB	True	edge:nt-approach:0:1000,edge:nt-approach:1000:1020,edge:nt-main:0:100,edge:nt-main:100:380	281	True	120	False	False	True	True	True	21T-1RT:missing;21T-2RT:proceed=True,path=True,locked=True,cancel=False;1RT-22T:missing;2RT-22T:missing	nt-approach	270.8301	edge:nt-approach:0:1000	270.7097	edge:nt-approach:0:1000	270.8304	edge:nt-approach:0:1000:AtoB	True	True	120
2100	31.4999992959201	9.195663	nt-approach	463.765	edge:nt-approach:0:1000	463.6272	edge:nt-approach:0:1000	463.765	AtoB	True	True	True	True	True	43231.4849992963	edge:nt-approach:0:1000:AtoB	True	edge:nt-approach:0:1000,edge:nt-approach:1000:1020,edge:nt-main:0:100,edge:nt-main:100:380	281	True	120	False	False	True	True	True	21T-1RT:missing;21T-2RT:proceed=True,path=True,locked=True,cancel=False;1RT-22T:missing;2RT-22T:missing	nt-approach	283.765	edge:nt-approach:0:1000	283.6275	edge:nt-approach:0:1000	283.7654	edge:nt-approach:0:1000:AtoB	True	True	120
2200	32.9999992623925	10.33874	nt-approach	478.4151	edge:nt-approach:0:1000	478.2601	edge:nt-approach:0:1000	478.4151	AtoB	True	True	True	True	True	43232.9849992627	edge:nt-approach:0:1000:AtoB	True	edge:nt-approach:0:1000,edge:nt-approach:1000:1020,edge:nt-main:0:100,edge:nt-main:100:380	281	True	120	False	False	True	True	True	21T-1RT:missing;21T-2RT:proceed=True,path=True,locked=True,cancel=False;1RT-22T:missing;2RT-22T:missing	nt-approach	298.4151	edge:nt-approach:0:1000	298.2604	edge:nt-approach:0:1000	298.4154	edge:nt-approach:0:1000:AtoB	True	True	120
2300	34.4999992288649	11.4788	nt-approach	494.7787	edge:nt-approach:0:1000	494.6066	edge:nt-approach:0:1000	494.7787	AtoB	True	True	True	True	True	43234.4849992292	edge:nt-approach:0:1000:AtoB	True	edge:nt-approach:0:1000,edge:nt-approach:1000:1020,edge:nt-main:0:100,edge:nt-main:100:380	281	True	120	False	False	True	True	True	21T-1RT:missing;21T-2RT:proceed=True,path=True,locked=True,cancel=False;1RT-22T:missing;2RT-22T:missing	nt-approach	314.7787	edge:nt-approach:0:1000	314.6069	edge:nt-approach:0:1000	314.779	edge:nt-approach:0:1000:AtoB	True	True	120
2400	35.9999991953373	12.61434	nt-approach	512.8499	edge:nt-approach:0:1000	512.6608	edge:nt-approach:0:1000	512.8499	AtoB	True	True	True	True	True	43235.9849991957	edge:nt-approach:0:1000:AtoB	True	edge:nt-approach:0:1000,edge:nt-approach:1000:1020,edge:nt-main:0:100,edge:nt-main:100:380	281	True	119.5075	False	False	True	True	True	21T-1RT:missing;21T-2RT:proceed=True,path=True,locked=True,cancel=False;1RT-22T:missing;2RT-22T:missing	nt-approach	332.8499	edge:nt-approach:0:1000	332.6611	edge:nt-approach:0:1000	332.8502	edge:nt-approach:0:1000:AtoB	True	True	119.5219
2500	37.4999991618097	13.74237	nt-approach	532.6189	edge:nt-approach:0:1000	532.4129	edge:nt-approach:0:1000	532.619	AtoB	True	True	True	True	True	43237.4849991621	edge:nt-approach:0:1000:AtoB	True	edge:nt-approach:0:1000,edge:nt-approach:1000:1020,edge:nt-main:0:100,edge:nt-main:100:380	281	True	117.9973	False	False	True	True	True	21T-1RT:missing;21T-2RT:proceed=True,path=True,locked=True,cancel=False;1RT-22T:missing;2RT-22T:missing	nt-approach	352.6189	edge:nt-approach:0:1000	352.4131	edge:nt-approach:0:1000	352.6191	edge:nt-approach:0:1000:AtoB	True	True	118.0131
2600	38.9999991282821	14.86013	nt-approach	554.0717	edge:nt-approach:0:1000	553.8489	edge:nt-approach:0:1000	554.0717	AtoB	True	True	True	True	True	43238.9849991286	edge:nt-approach:0:1000:AtoB	True	edge:nt-approach:0:1000,edge:nt-approach:1000:1020,edge:nt-main:0:100,edge:nt-main:100:380	281	True	116.3363	False	False	True	True	True	21T-1RT:missing;21T-2RT:proceed=True,path=True,locked=True,cancel=False;1RT-22T:missing;2RT-22T:missing	nt-approach	374.0717	edge:nt-approach:0:1000	373.849	edge:nt-approach:0:1000	374.0718	edge:nt-approach:0:1000:AtoB	True	True	116.3536
2700	40.4999990947545	15.91533	nt-approach	577.1652	edge:nt-approach:0:1000	576.9266	edge:nt-approach:0:1000	577.1652	AtoB	True	True	True	True	True	43240.4849990951	edge:nt-approach:0:1000:AtoB	True	edge:nt-approach:0:1000,edge:nt-approach:1000:1020,edge:nt-main:0:100,edge:nt-main:100:380	281	True	114.5212	False	False	True	True	True	21T-1RT:missing;21T-2RT:proceed=True,path=True,locked=True,cancel=False;1RT-22T:missing;2RT-22T:missing	nt-approach	397.1652	edge:nt-approach:0:1000	396.9267	edge:nt-approach:0:1000	397.1653	edge:nt-approach:0:1000:AtoB	True	True	114.5401
2800	41.9999990612268	16.88849	nt-approach	601.7776	edge:nt-approach:0:1000	601.5244	edge:nt-approach:0:1000	601.7776	AtoB	True	True	True	True	True	43241.9849990616	edge:nt-approach:0:1000:AtoB	True	edge:nt-approach:0:1000,edge:nt-approach:1000:1020,edge:nt-main:0:100,edge:nt-main:100:380	281	True	112.5546	False	False	True	True	True	21T-1RT:missing;21T-2RT:proceed=True,path=True,locked=True,cancel=False;1RT-22T:missing;2RT-22T:missing	nt-approach	421.7776	edge:nt-approach:0:1000	421.5244	edge:nt-approach:0:1000	421.7776	edge:nt-approach:0:1000:AtoB	True	True	112.5751
2900	43.4999990276992	17.7954	nt-approach	627.7983	edge:nt-approach:0:1000	627.5315	edge:nt-approach:0:1000	627.7983	AtoB	True	True	True	True	True	43243.484999028	edge:nt-approach:0:1000:AtoB	True	edge:nt-approach:0:1000,edge:nt-approach:1000:1020,edge:nt-main:0:100,edge:nt-main:100:380	281	True	110.4374	False	False	True	True	True	21T-1RT:missing;21T-2RT:proceed=True,path=True,locked=True,cancel=False;1RT-22T:missing;2RT-22T:missing	nt-approach	447.7983	edge:nt-approach:0:1000	447.5315	edge:nt-approach:0:1000	447.7984	edge:nt-approach:0:1000:AtoB	True	True	110.4594
3000	44.9999989941716	18.64439	nt-approach	655.1346	edge:nt-approach:0:1000	654.8551	edge:nt-approach:0:1000	655.1347	AtoB	True	True	True	True	True	43244.9849989945	edge:nt-approach:0:1000:AtoB	True	edge:nt-approach:0:1000,edge:nt-approach:1000:1020,edge:nt-main:0:100,edge:nt-main:100:380	281	True	108.1686	False	False	True	True	True	21T-1RT:missing;21T-2RT:proceed=True,path=True,locked=True,cancel=False;1RT-22T:missing;2RT-22T:missing	nt-approach	475.1346	edge:nt-approach:0:1000	474.855	edge:nt-approach:0:1000	475.1346	edge:nt-approach:0:1000:AtoB	True	True	108.192
3100	46.499998960644	19.44487	nt-approach	683.7068	edge:nt-approach:0:1000	683.4153	edge:nt-approach:0:1000	683.7069	AtoB	True	True	True	True	True	43246.484998961	edge:nt-approach:0:1000:AtoB	True	edge:nt-approach:0:1000,edge:nt-approach:1000:1020,edge:nt-main:0:100,edge:nt-main:100:380	281	True	105.7451	False	False	True	True	True	21T-1RT:missing;21T-2RT:proceed=True,path=True,locked=True,cancel=False;1RT-22T:missing;2RT-22T:missing	nt-approach	503.7068	edge:nt-approach:0:1000	503.4159	edge:nt-approach:0:1000	503.7075	edge:nt-approach:0:1000:AtoB	True	True	105.7701
3200	47.9999989271164	20.20169	nt-approach	713.4468	edge:nt-approach:0:1000	713.1439	edge:nt-approach:0:1000	713.4469	AtoB	True	True	True	True	True	43247.9849989275	edge:nt-approach:0:1000:AtoB	True	edge:nt-approach:0:1000,edge:nt-approach:1000:1020,edge:nt-main:0:100,edge:nt-main:100:380	281	True	103.1621	False	False	True	True	True	21T-1RT:missing;21T-2RT:proceed=True,path=True,locked=True,cancel=False;1RT-22T:missing;2RT-22T:missing	nt-approach	533.4468	edge:nt-approach:0:1000	533.1444	edge:nt-approach:0:1000	533.4474	edge:nt-approach:0:1000:AtoB	True	True	103.1888
3300	49.4999988935888	20.92136	nt-approach	744.2937	edge:nt-approach:0:1000	743.98	edge:nt-approach:0:1000	744.2938	AtoB	True	True	True	True	True	43249.4849988939	edge:nt-approach:0:1000:AtoB	True	edge:nt-approach:0:1000,edge:nt-approach:1000:1020,edge:nt-main:0:100,edge:nt-main:100:380	281	True	100.4128	False	False	True	True	True	21T-1RT:missing;21T-2RT:proceed=True,path=True,locked=True,cancel=False;1RT-22T:missing;2RT-22T:missing	nt-approach	564.2937	edge:nt-approach:0:1000	563.9805	edge:nt-approach:0:1000	564.2943	edge:nt-approach:0:1000:AtoB	True	True	100.4412
3400	50.9999988600612	21.60642	nt-approach	776.1934	edge:nt-approach:0:1000	775.8693	edge:nt-approach:0:1000	776.1934	AtoB	True	True	True	True	True	43250.9849988604	edge:nt-approach:0:1000:AtoB	True	edge:nt-approach:0:1000,edge:nt-approach:1000:1020,edge:nt-main:0:100,edge:nt-main:100:380	281	True	97.4882	False	False	True	True	True	21T-1RT:missing;21T-2RT:proceed=True,path=True,locked=True,cancel=False;1RT-22T:missing;2RT-22T:missing	nt-approach	596.1934	edge:nt-approach:0:1000	595.8698	edge:nt-approach:0:1000	596.1938	edge:nt-approach:0:1000:AtoB	True	True	97.51835
3500	52.4999988265336	22.26116	nt-approach	809.0975	edge:nt-approach:0:1000	808.7637	edge:nt-approach:0:1000	809.0975	AtoB	True	True	True	True	True	43252.4849988269	edge:nt-approach:0:1000:AtoB	True	edge:nt-approach:0:1000,edge:nt-approach:1000:1020,edge:nt-main:0:100,edge:nt-main:100:380	281	True	94.37656	False	False	True	True	True	21T-1RT:missing;21T-2RT:proceed=True,path=True,locked=True,cancel=False;1RT-22T:missing;2RT-22T:missing	nt-approach	629.0975	edge:nt-approach:0:1000	628.7642	edge:nt-approach:0:1000	629.098	edge:nt-approach:0:1000:AtoB	True	True	94.40865
3600	53.9999987930059	22.88799	nt-approach	842.9629	edge:nt-approach:0:1000	842.6196	edge:nt-approach:0:1000	842.9629	AtoB	True	True	True	True	True	43253.9849987933	edge:nt-approach:0:1000:AtoB	True	edge:nt-approach:0:1000,edge:nt-approach:1000:1020,edge:nt-main:0:100,edge:nt-main:100:380	281	True	91.06307	False	False	True	True	True	21T-1RT:missing;21T-2RT:proceed=True,path=True,locked=True,cancel=False;1RT-22T:missing;2RT-22T:missing	nt-approach	662.9629	edge:nt-approach:0:1000	662.6201	edge:nt-approach:0:1000	662.9634	edge:nt-approach:0:1000:AtoB	True	True	91.09726
3700	55.4999987594783	23.48991	nt-approach	877.7495	edge:nt-approach:0:1000	877.3972	edge:nt-approach:0:1000	877.7495	AtoB	True	True	True	True	True	43255.4849987598	edge:nt-approach:0:1000:AtoB	True	edge:nt-approach:0:1000,edge:nt-approach:1000:1020,edge:nt-main:0:100,edge:nt-main:100:380	281	True	87.52894	False	False	True	True	True	21T-1RT:missing;21T-2RT:proceed=True,path=True,locked=True,cancel=False;1RT-22T:missing;2RT-22T:missing	nt-approach	697.7495	edge:nt-approach:0:1000	697.3976	edge:nt-approach:0:1000	697.7499	edge:nt-approach:0:1000:AtoB	True	True	87.56544
3800	56.9999987259507	23.8291	nt-approach	913.3634	edge:nt-approach:0:1000	913.0059	edge:nt-approach:0:1000	913.3634	AtoB	True	True	True	True	True	43256.9849987263	edge:nt-approach:0:1000:AtoB	True	edge:nt-approach:0:1000,edge:nt-approach:1000:1020,edge:nt-main:0:100,edge:nt-main:100:380	281	True	83.75641	False	False	True	True	True	21T-1RT:missing;21T-2RT:proceed=True,path=True,locked=True,cancel=False;1RT-22T:missing;2RT-22T:missing	nt-approach	733.3634	edge:nt-approach:0:1000	733.0064	edge:nt-approach:0:1000	733.3639	edge:nt-approach:0:1000:AtoB	True	True	83.79511
3900	58.4999986924231	22.79379	nt-approach	948.4277	edge:nt-approach:0:1000	948.0858	edge:nt-approach:0:1000	948.4277	AtoB	True	True	True	True	True	43258.4849986928	edge:nt-approach:0:1000:AtoB	True	edge:nt-approach:0:1000,edge:nt-approach:1000:1020,edge:nt-main:0:100,edge:nt-main:100:380	281	True	79.86819	False	False	True	True	True	21T-1RT:missing;21T-2RT:proceed=True,path=True,locked=True,cancel=False;1RT-22T:missing;2RT-22T:missing	nt-approach	768.4277	edge:nt-approach:0:1000	768.0862	edge:nt-approach:0:1000	768.4282	edge:nt-approach:0:1000:AtoB	True	True	79.90702
4000	59.9999986588955	21.45557	nt-approach	981.6152	edge:nt-approach:0:1000	981.2933	edge:nt-approach:0:1000	981.6152	AtoB	True	True	True	True	True	43259.9849986592	edge:nt-approach:0:1000:AtoB	True	edge:nt-approach:0:1000,edge:nt-approach:1000:1020,edge:nt-main:0:100,edge:nt-main:100:380	281	True	76.0051	False	False	True	True	True	21T-1RT:missing;21T-2RT:proceed=True,path=True,locked=True,cancel=False;1RT-22T:missing;2RT-22T:missing	nt-approach	801.6152	edge:nt-approach:0:1000	801.2938	edge:nt-approach:0:1000	801.6157	edge:nt-approach:0:1000:AtoB	True	True	76.04352
4027	60.404998649843	21.10826	nt-approach	990.2335	edge:nt-approach:0:1000	989.9167	edge:nt-approach:0:1000	990.2335	AtoB	True	True	True	True	True	43260.3899986502	edge:nt-approach:0:1000:AtoB	True	edge:nt-approach:0:1000,edge:nt-approach:1000:1020,edge:nt-main:0:100,edge:nt-main:100:380	281	True	74.96936	False	False	True	True	True	21T-1RT:missing;21T-2RT:proceed=True,path=True,locked=True,cancel=False;1RT-22T:missing;2RT-22T:missing	nt-approach	810.2335	edge:nt-approach:0:1000	809.9172	edge:nt-approach:0:1000	810.2339	edge:nt-approach:0:1000:AtoB	True	True	75.39101
4028	60.4199986495078	21.09565	nt-approach	990.55	edge:nt-approach:0:1000	990.2335	edge:nt-approach:0:1000	990.55	AtoB	True	True	True	True	True	43260.4049986498	edge:nt-approach:0:1000:AtoB	True	edge:nt-approach:0:1000,edge:nt-approach:1000:1020,edge:nt-main:0:100,edge:nt-main:100:380	281	True	74.93105	False	False	True	True	True	21T-1RT:missing;21T-2RT:proceed=True,path=True,locked=True,cancel=False;1RT-22T:missing;2RT-22T:missing	nt-approach	810.55	edge:nt-approach:0:1000	810.2339	edge:nt-approach:0:1000	810.5505	edge:nt-approach:0:1000:AtoB	True	True	75.39101
4029	60.4349986491725	21.08308	nt-approach	990.8663	edge:nt-approach:0:1000	990.55	edge:nt-approach:0:1000	990.8663	AtoB	True	True	True	True	True	43260.4199986495	edge:nt-approach:0:1000:AtoB	True	edge:nt-approach:0:1000,edge:nt-approach:1000:1020,edge:nt-main:0:100,edge:nt-main:100:380	281	True	74.89274	False	False	True	True	True	21T-1RT:missing;21T-2RT:proceed=True,path=True,locked=True,cancel=False;1RT-22T:missing;2RT-22T:missing	nt-approach	810.8663	edge:nt-approach:0:1000	810.5505	edge:nt-approach:0:1000	810.8668	edge:nt-approach:0:1000:AtoB	True	True	75.39101
4030	60.4499986488372	21.0705	nt-approach	991.1825	edge:nt-approach:0:1000	990.8663	edge:nt-approach:0:1000	991.1825	AtoB	True	True	True	True	True	43260.4349986492	edge:nt-approach:0:1000:AtoB	True	edge:nt-approach:0:1000,edge:nt-approach:1000:1020,edge:nt-main:0:100,edge:nt-main:100:380	281	True	74.85444	False	False	True	True	True	21T-1RT:missing;21T-2RT:proceed=True,path=True,locked=True,cancel=False;1RT-22T:missing;2RT-22T:missing	nt-approach	811.1825	edge:nt-approach:0:1000	810.8668	edge:nt-approach:0:1000	811.183	edge:nt-approach:0:1000:AtoB	True	True	75.39101
4031	60.4649986485019	21.05791	nt-approach	991.4985	edge:nt-approach:0:1000	991.1825	edge:nt-approach:0:1000	991.4985	AtoB	True	True	True	True	True	43260.4499986488	edge:nt-approach:0:1000:AtoB	True	edge:nt-approach:0:1000,edge:nt-approach:1000:1020,edge:nt-main:0:100,edge:nt-main:100:380	281	True	74.81613	False	False	True	True	True	21T-1RT:missing;21T-2RT:proceed=True,path=True,locked=True,cancel=False;1RT-22T:missing;2RT-22T:missing	nt-approach	811.4985	edge:nt-approach:0:1000	811.183	edge:nt-approach:0:1000	811.499	edge:nt-approach:0:1000:AtoB	True	True	75.39101
4032	60.4799986481667	21.04531	nt-approach	991.8143	edge:nt-approach:0:1000	991.4985	edge:nt-approach:0:1000	991.8143	AtoB	True	True	True	True	True	43260.4649986485	edge:nt-approach:0:1000:AtoB	True	edge:nt-approach:0:1000,edge:nt-approach:1000:1020,edge:nt-main:0:100,edge:nt-main:100:380	281	True	74.77783	False	False	True	True	True	21T-1RT:missing;21T-2RT:proceed=True,path=True,locked=True,cancel=False;1RT-22T:missing;2RT-22T:missing	nt-approach	811.8143	edge:nt-approach:0:1000	811.499	edge:nt-approach:0:1000	811.8148	edge:nt-approach:0:1000:AtoB	True	True	75.39101
4033	60.4949986478314	21.0327	nt-approach	992.1299	edge:nt-approach:0:1000	991.8143	edge:nt-approach:0:1000	992.1299	AtoB	True	True	True	True	True	43260.4799986482	edge:nt-approach:0:1000:AtoB	True	edge:nt-approach:0:1000,edge:nt-approach:1000:1020,edge:nt-main:0:100,edge:nt-main:100:380	281	True	74.73952	False	False	True	True	True	21T-1RT:missing;21T-2RT:proceed=True,path=True,locked=True,cancel=False;1RT-22T:missing;2RT-22T:missing	nt-approach	812.1299	edge:nt-approach:0:1000	811.8148	edge:nt-approach:0:1000	812.1304	edge:nt-approach:0:1000:AtoB	True	True	75.39101
4034	60.5099986474961	21.02009	nt-approach	992.4453	edge:nt-approach:0:1000	992.1299	edge:nt-approach:0:1000	992.4453	AtoB	True	True	True	True	True	43260.4949986478	edge:nt-approach:0:1000:AtoB	True	edge:nt-approach:0:1000,edge:nt-approach:1000:1020,edge:nt-main:0:100,edge:nt-main:100:380	281	True	74.70124	False	False	True	True	True	21T-1RT:missing;21T-2RT:proceed=True,path=True,locked=True,cancel=False;1RT-22T:missing;2RT-22T:missing	nt-approach	812.4453	edge:nt-approach:0:1000	812.1304	edge:nt-approach:0:1000	812.4457	edge:nt-approach:0:1000:AtoB	True	True	74.73952
4035	60.5249986471608	21.00754	nt-approach	992.7604	edge:nt-approach:0:1000	992.4453	edge:nt-approach:0:1000	992.7604	AtoB	True	True	True	True	True	43260.5099986475	edge:nt-approach:0:1000:AtoB	True	edge:nt-approach:0:1000,edge:nt-approach:1000:1020,edge:nt-main:0:100,edge:nt-main:100:380	281	True	74.66296	False	False	True	True	True	21T-1RT:missing;21T-2RT:proceed=True,path=True,locked=True,cancel=False;1RT-22T:missing;2RT-22T:missing	nt-approach	812.7604	edge:nt-approach:0:1000	812.4457	edge:nt-approach:0:1000	812.7609	edge:nt-approach:0:1000:AtoB	True	True	74.73952
4036	60.5399986468256	20.99501	nt-approach	993.0754	edge:nt-approach:0:1000	992.7604	edge:nt-approach:0:1000	993.0754	AtoB	True	True	True	True	True	43260.5249986472	edge:nt-approach:0:1000:AtoB	True	edge:nt-approach:0:1000,edge:nt-approach:1000:1020,edge:nt-main:0:100,edge:nt-main:100:380	281	True	74.62466	False	False	True	True	True	21T-1RT:missing;21T-2RT:proceed=True,path=True,locked=True,cancel=False;1RT-22T:missing;2RT-22T:missing	nt-approach	813.0754	edge:nt-approach:0:1000	812.7609	edge:nt-approach:0:1000	813.0759	edge:nt-approach:0:1000:AtoB	True	True	74.73952
4037	60.5549986464903	20.98247	nt-approach	993.3903	edge:nt-approach:0:1000	993.0754	edge:nt-approach:0:1000	993.3903	AtoB	True	True	True	True	True	43260.5399986468	edge:nt-approach:0:1000:AtoB	True	edge:nt-approach:0:1000,edge:nt-approach:1000:1020,edge:nt-main:0:100,edge:nt-main:100:380	281	True	74.58639	False	False	True	True	True	21T-1RT:missing;21T-2RT:proceed=True,path=True,locked=True,cancel=False;1RT-22T:missing;2RT-22T:missing	nt-approach	813.3903	edge:nt-approach:0:1000	813.0759	edge:nt-approach:0:1000	813.3907	edge:nt-approach:0:1000:AtoB	True	True	74.73952
4038	60.569998646155	20.96992	nt-approach	993.7049	edge:nt-approach:0:1000	993.3903	edge:nt-approach:0:1000	993.7049	AtoB	True	True	True	True	True	43260.5549986465	edge:nt-approach:0:1000:AtoB	True	edge:nt-approach:0:1000,edge:nt-approach:1000:1020,edge:nt-main:0:100,edge:nt-main:100:380	281	True	74.5481	False	False	True	True	True	21T-1RT:missing;21T-2RT:proceed=True,path=True,locked=True,cancel=False;1RT-22T:missing;2RT-22T:missing	nt-approach	813.7049	edge:nt-approach:0:1000	813.3907	edge:nt-approach:0:1000	813.7054	edge:nt-approach:0:1000:AtoB	True	True	74.73952
4039	60.5849986458197	20.95737	nt-approach	994.0193	edge:nt-approach:0:1000	993.7049	edge:nt-approach:0:1000	994.0193	AtoB	True	True	True	True	True	43260.5699986462	edge:nt-approach:0:1000:AtoB	True	edge:nt-approach:0:1000,edge:nt-approach:1000:1020,edge:nt-main:0:100,edge:nt-main:100:380	281	True	74.50983	False	False	True	True	True	21T-1RT:missing;21T-2RT:proceed=True,path=True,locked=True,cancel=False;1RT-22T:missing;2RT-22T:missing	nt-approach	814.0193	edge:nt-approach:0:1000	813.7054	edge:nt-approach:0:1000	814.0198	edge:nt-approach:0:1000:AtoB	True	True	74.73952
4040	60.5999986454844	20.9448	nt-approach	994.3336	edge:nt-approach:0:1000	994.0193	edge:nt-approach:0:1000	994.3336	AtoB	True	True	True	True	True	43260.5849986458	edge:nt-approach:0:1000:AtoB	True	edge:nt-approach:0:1000,edge:nt-approach:1000:1020,edge:nt-main:0:100,edge:nt-main:100:380	281	True	74.47156	False	False	True	True	True	21T-1RT:missing;21T-2RT:proceed=True,path=True,locked=True,cancel=False;1RT-22T:missing;2RT-22T:missing	nt-approach	814.3336	edge:nt-approach:0:1000	814.0198	edge:nt-approach:0:1000	814.3341	edge:nt-approach:0:1000:AtoB	True	True	74.73952
4041	60.6149986451492	20.93222	nt-approach	994.6477	edge:nt-approach:0:1000	994.3336	edge:nt-approach:0:1000	994.6477	AtoB	True	True	True	True	True	43260.5999986455	edge:nt-approach:0:1000:AtoB	True	edge:nt-approach:0:1000,edge:nt-approach:1000:1020,edge:nt-main:0:100,edge:nt-main:100:380	281	True	74.43328	False	False	True	True	True	21T-1RT:missing;21T-2RT:proceed=True,path=True,locked=True,cancel=False;1RT-22T:missing;2RT-22T:missing	nt-approach	814.6477	edge:nt-approach:0:1000	814.3341	edge:nt-approach:0:1000	814.6482	edge:nt-approach:0:1000:AtoB	True	True	74.73952
4042	60.6299986448139	20.91963	nt-approach	994.9616	edge:nt-approach:0:1000	994.6477	edge:nt-approach:0:1000	994.9616	AtoB	True	True	True	True	True	43260.6149986451	edge:nt-approach:0:1000:AtoB	True	edge:nt-approach:0:1000,edge:nt-approach:1000:1020,edge:nt-main:0:100,edge:nt-main:100:380	281	True	74.39502	False	False	True	True	True	21T-1RT:missing;21T-2RT:proceed=True,path=True,locked=True,cancel=False;1RT-22T:missing;2RT-22T:missing	nt-approach	814.9616	edge:nt-approach:0:1000	814.6482	edge:nt-approach:0:1000	814.9621	edge:nt-approach:0:1000:AtoB	True	True	74.73952
4043	60.6449986444786	20.9071	nt-approach	995.2753	edge:nt-approach:0:1000	994.9616	edge:nt-approach:0:1000	995.2753	AtoB	True	True	True	True	True	43260.6299986448	edge:nt-approach:0:1000:AtoB	True	edge:nt-approach:0:1000,edge:nt-approach:1000:1020,edge:nt-main:0:100,edge:nt-main:100:380	281	True	74.35675	False	False	True	True	True	21T-1RT:missing;21T-2RT:proceed=True,path=True,locked=True,cancel=False;1RT-22T:missing;2RT-22T:missing	nt-approach	815.2753	edge:nt-approach:0:1000	814.9621	edge:nt-approach:0:1000	815.2758	edge:nt-approach:0:1000:AtoB	True	True	74.73952
4044	60.6599986441433	20.89455	nt-approach	995.5889	edge:nt-approach:0:1000	995.2753	edge:nt-approach:0:1000	995.5889	AtoB	True	True	True	True	True	43260.6449986445	edge:nt-approach:0:1000:AtoB	True	edge:nt-approach:0:1000,edge:nt-approach:1000:1020,edge:nt-main:0:100,edge:nt-main:100:380	281	True	74.31848	False	False	True	True	True	21T-1RT:missing;21T-2RT:proceed=True,path=True,locked=True,cancel=False;1RT-22T:missing;2RT-22T:missing	nt-approach	815.5889	edge:nt-approach:0:1000	815.2758	edge:nt-approach:0:1000	815.5894	edge:nt-approach:0:1000:AtoB	True	True	74.73952
4045	60.6749986438081	20.88199	nt-approach	995.9022	edge:nt-approach:0:1000	995.5889	edge:nt-approach:0:1000	995.9022	AtoB	True	True	True	True	True	43260.6599986441	edge:nt-approach:0:1000:AtoB	True	edge:nt-approach:0:1000,edge:nt-approach:1000:1020,edge:nt-main:0:100,edge:nt-main:100:380	281	True	74.28023	False	False	True	True	True	21T-1RT:missing;21T-2RT:proceed=True,path=True,locked=True,cancel=False;1RT-22T:missing;2RT-22T:missing	nt-approach	815.9022	edge:nt-approach:0:1000	815.5894	edge:nt-approach:0:1000	815.9027	edge:nt-approach:0:1000:AtoB	True	True	74.73952
4046	60.6899986434728	20.86943	nt-approach	996.2153	edge:nt-approach:0:1000	995.9022	edge:nt-approach:0:1000	996.2153	AtoB	True	True	True	True	True	43260.6749986438	edge:nt-approach:0:1000:AtoB	True	edge:nt-approach:0:1000,edge:nt-approach:1000:1020,edge:nt-main:0:100,edge:nt-main:100:380	281	True	74.24198	False	False	True	True	True	21T-1RT:missing;21T-2RT:proceed=True,path=True,locked=True,cancel=False;1RT-22T:missing;2RT-22T:missing	nt-approach	816.2153	edge:nt-approach:0:1000	815.9027	edge:nt-approach:0:1000	816.2158	edge:nt-approach:0:1000:AtoB	True	True	74.73952
4047	60.7049986431375	20.85685	nt-approach	996.5283	edge:nt-approach:0:1000	996.2153	edge:nt-approach:0:1000	996.5283	AtoB	True	True	True	True	True	43260.6899986435	edge:nt-approach:0:1000:AtoB	True	edge:nt-approach:0:1000,edge:nt-approach:1000:1020,edge:nt-main:0:100,edge:nt-main:100:380	281	True	74.20373	False	False	True	True	True	21T-1RT:missing;21T-2RT:proceed=True,path=True,locked=True,cancel=False;1RT-22T:missing;2RT-22T:missing	nt-approach	816.5283	edge:nt-approach:0:1000	816.2158	edge:nt-approach:0:1000	816.5287	edge:nt-approach:0:1000:AtoB	True	True	74.73952
4048	60.7199986428022	20.84427	nt-approach	996.841	edge:nt-approach:0:1000	996.5283	edge:nt-approach:0:1000	996.841	AtoB	True	True	True	True	True	43260.7049986431	edge:nt-approach:0:1000:AtoB	True	edge:nt-approach:0:1000,edge:nt-approach:1000:1020,edge:nt-main:0:100,edge:nt-main:100:380	281	True	74.16549	False	False	True	True	True	21T-1RT:missing;21T-2RT:proceed=True,path=True,locked=True,cancel=False;1RT-22T:missing;2RT-22T:missing	nt-approach	816.841	edge:nt-approach:0:1000	816.5287	edge:nt-approach:0:1000	816.8415	edge:nt-approach:0:1000:AtoB	True	True	74.73952
4049	60.734998642467	20.83173	nt-approach	997.1536	edge:nt-approach:0:1000	996.841	edge:nt-approach:0:1000	997.1536	AtoB	True	True	True	True	True	43260.7199986428	edge:nt-approach:0:1000:AtoB	True	edge:nt-approach:0:1000,edge:nt-approach:1000:1020,edge:nt-main:0:100,edge:nt-main:100:380	281	True	74.12724	False	False	True	True	True	21T-1RT:missing;21T-2RT:proceed=True,path=True,locked=True,cancel=False;1RT-22T:missing;2RT-22T:missing	nt-approach	817.1536	edge:nt-approach:0:1000	816.8415	edge:nt-approach:0:1000	817.1541	edge:nt-approach:0:1000:AtoB	True	True	74.73952
4050	60.7499986421317	20.81919	nt-approach	997.4659	edge:nt-approach:0:1000	997.1536	edge:nt-approach:0:1000	997.4659	AtoB	True	True	True	True	True	43260.7349986425	edge:nt-approach:0:1000:AtoB	True	edge:nt-approach:0:1000,edge:nt-approach:1000:1020,edge:nt-main:0:100,edge:nt-main:100:380	281	True	74.089	False	False	True	True	True	21T-1RT:missing;21T-2RT:proceed=True,path=True,locked=True,cancel=False;1RT-22T:missing;2RT-22T:missing	nt-approach	817.4659	edge:nt-approach:0:1000	817.1541	edge:nt-approach:0:1000	817.4664	edge:nt-approach:0:1000:AtoB	True	True	74.12724
4051	60.7649986417964	20.80667	nt-approach	997.7781	edge:nt-approach:0:1000	997.4659	edge:nt-approach:0:1000	997.7781	AtoB	True	True	True	True	True	43260.7499986421	edge:nt-approach:0:1000:AtoB	True	edge:nt-approach:0:1000,edge:nt-approach:1000:1020,edge:nt-main:0:100,edge:nt-main:100:380	281	True	74.05076	False	False	True	True	True	21T-1RT:missing;21T-2RT:proceed=True,path=True,locked=True,cancel=False;1RT-22T:missing;2RT-22T:missing	nt-approach	817.7781	edge:nt-approach:0:1000	817.4664	edge:nt-approach:0:1000	817.7786	edge:nt-approach:0:1000:AtoB	True	True	74.12724
4052	60.7799986414611	20.79415	nt-approach	998.0901	edge:nt-approach:0:1000	997.7781	edge:nt-approach:0:1000	998.0901	AtoB	True	True	True	True	True	43260.7649986418	edge:nt-approach:0:1000:AtoB	True	edge:nt-approach:0:1000,edge:nt-approach:1000:1020,edge:nt-main:0:100,edge:nt-main:100:380	281	True	74.01253	False	False	True	True	True	21T-1RT:missing;21T-2RT:proceed=True,path=True,locked=True,cancel=False;1RT-22T:missing;2RT-22T:missing	nt-approach	818.0901	edge:nt-approach:0:1000	817.7786	edge:nt-approach:0:1000	818.0906	edge:nt-approach:0:1000:AtoB	True	True	74.12724
4053	60.7949986411259	20.78161	nt-approach	998.402	edge:nt-approach:0:1000	998.0901	edge:nt-approach:0:1000	998.402	AtoB	True	True	True	True	True	43260.7799986415	edge:nt-approach:0:1000:AtoB	True	edge:nt-approach:0:1000,edge:nt-approach:1000:1020,edge:nt-main:0:100,edge:nt-main:100:380	281	True	73.9743	False	False	True	True	True	21T-1RT:missing;21T-2RT:proceed=True,path=True,locked=True,cancel=False;1RT-22T:missing;2RT-22T:missing	nt-approach	818.402	edge:nt-approach:0:1000	818.0906	edge:nt-approach:0:1000	818.4025	edge:nt-approach:0:1000:AtoB	True	True	74.12724
4054	60.8099986407906	20.76907	nt-approach	998.7136	edge:nt-approach:0:1000	998.402	edge:nt-approach:0:1000	998.7136	AtoB	True	True	True	True	True	43260.7949986411	edge:nt-approach:0:1000:AtoB	True	edge:nt-approach:0:1000,edge:nt-approach:1000:1020,edge:nt-main:0:100,edge:nt-main:100:380	281	True	73.93607	False	False	True	True	True	21T-1RT:missing;21T-2RT:proceed=True,path=True,locked=True,cancel=False;1RT-22T:missing;2RT-22T:missing	nt-approach	818.7136	edge:nt-approach:0:1000	818.4025	edge:nt-approach:0:1000	818.7141	edge:nt-approach:0:1000:AtoB	True	True	74.12724
4055	60.8249986404553	20.75651	nt-approach	999.0251	edge:nt-approach:0:1000	998.7136	edge:nt-approach:0:1000	999.0251	AtoB	True	True	True	True	True	43260.8099986408	edge:nt-approach:0:1000:AtoB	True	edge:nt-approach:0:1000,edge:nt-approach:1000:1020,edge:nt-main:0:100,edge:nt-main:100:380	281	True	73.89783	False	False	True	True	True	21T-1RT:missing;21T-2RT:proceed=True,path=True,locked=True,cancel=False;1RT-22T:missing;2RT-22T:missing	nt-approach	819.0251	edge:nt-approach:0:1000	818.7141	edge:nt-approach:0:1000	819.0256	edge:nt-approach:0:1000:AtoB	True	True	74.12724
4056	60.83999864012	20.74395	nt-approach	999.3364	edge:nt-approach:0:1000	999.0251	edge:nt-approach:0:1000	999.3364	AtoB	True	True	True	True	True	43260.8249986405	edge:nt-approach:0:1000:AtoB	True	edge:nt-approach:0:1000,edge:nt-approach:1000:1020,edge:nt-main:0:100,edge:nt-main:100:380	281	True	73.85962	False	False	True	True	True	21T-1RT:missing;21T-2RT:proceed=True,path=True,locked=True,cancel=False;1RT-22T:missing;2RT-22T:missing	nt-approach	819.3364	edge:nt-approach:0:1000	819.0256	edge:nt-approach:0:1000	819.3369	edge:nt-approach:0:1000:AtoB	True	True	74.12724
4057	60.8549986397848	20.73137	nt-approach	999.6474	edge:nt-approach:0:1000	999.3364	edge:nt-approach:0:1000	999.6474	AtoB	True	True	True	True	True	43260.8399986401	edge:nt-approach:0:1000:AtoB	True	edge:nt-approach:0:1000,edge:nt-approach:1000:1020,edge:nt-main:0:100,edge:nt-main:100:380	281	True	73.8214	False	False	True	True	True	21T-1RT:missing;21T-2RT:proceed=True,path=True,locked=True,cancel=False;1RT-22T:missing;2RT-22T:missing	nt-approach	819.6474	edge:nt-approach:0:1000	819.3369	edge:nt-approach:0:1000	819.6479	edge:nt-approach:0:1000:AtoB	True	True	74.12724
4058	60.8699986394495	20.71879	nt-approach	999.9583	edge:nt-approach:0:1000	999.6474	edge:nt-approach:0:1000	999.9583	AtoB	True	True	True	True	True	43260.8549986398	edge:nt-approach:0:1000:AtoB	True	edge:nt-approach:0:1000,edge:nt-approach:1000:1020,edge:nt-main:0:100,edge:nt-main:100:380	281	True	73.7832	False	False	True	True	True	21T-1RT:missing;21T-2RT:proceed=True,path=True,locked=True,cancel=False;1RT-22T:missing;2RT-22T:missing	nt-approach	819.9583	edge:nt-approach:0:1000	819.6479	edge:nt-approach:0:1000	819.9587	edge:nt-approach:0:1000:AtoB	True	True	74.12724
4059	60.8849986391142	20.70619	nt-approach	1000.269	edge:nt-approach:0:1000	999.9583	edge:nt-approach:1000:1020	0.2689393	AtoB	True	True	True	True	True	43260.8699986394	edge:nt-approach:1000:1020:AtoB,edge:nt-main:0:100:AtoB	True	edge:nt-approach:1000:1020,edge:nt-main:0:100,edge:nt-main:100:380	81	True	73.74499	False	False	True	True	True	21T-1RT:missing;21T-2RT:proceed=True,path=True,locked=True,cancel=False;1RT-22T:missing;2RT-22T:missing	nt-approach	820.2689	edge:nt-approach:0:1000	819.9587	edge:nt-approach:0:1000	820.2694	edge:nt-approach:0:1000:AtoB	True	True	74.12724
4060	60.8999986387789	20.69359	nt-approach	1000.579	edge:nt-approach:1000:1020	0.2689393	edge:nt-approach:1000:1020	0.5794376	AtoB	True	True	True	True	True	43260.8849986391	edge:nt-approach:1000:1020:AtoB,edge:nt-main:0:100:AtoB	True	edge:nt-approach:1000:1020,edge:nt-main:0:100,edge:nt-main:100:380	81	True	73.70678	False	False	True	True	True	21T-1RT:missing;21T-2RT:proceed=True,path=True,locked=True,cancel=False;1RT-22T:missing;2RT-22T:missing	nt-approach	820.5794	edge:nt-approach:0:1000	820.2694	edge:nt-approach:0:1000	820.5799	edge:nt-approach:0:1000:AtoB	True	True	74.12724
4061	60.9149986384436	20.68097	nt-approach	1000.89	edge:nt-approach:1000:1020	0.5794376	edge:nt-approach:1000:1020	0.8897468	AtoB	True	True	True	True	True	43260.8999986388	edge:nt-approach:1000:1020:AtoB,edge:nt-main:0:100:AtoB	True	edge:nt-approach:1000:1020,edge:nt-main:0:100,edge:nt-main:100:380	81	True	73.66857	False	False	True	True	True	21T-1RT:missing;21T-2RT:proceed=True,path=True,locked=True,cancel=False;1RT-22T:missing;2RT-22T:missing	nt-approach	820.8897	edge:nt-approach:0:1000	820.5799	edge:nt-approach:0:1000	820.8902	edge:nt-approach:0:1000:AtoB	True	True	74.12724
4062	60.9299986381084	20.66834	nt-approach	1001.2	edge:nt-approach:1000:1020	0.8897468	edge:nt-approach:1000:1020	1.199867	AtoB	True	True	True	True	True	43260.9149986384	edge:nt-approach:1000:1020:AtoB,edge:nt-main:0:100:AtoB	True	edge:nt-approach:1000:1020,edge:nt-main:0:100,edge:nt-main:100:380	81	True	73.63038	False	False	True	True	True	21T-1RT:missing;21T-2RT:proceed=True,path=True,locked=True,cancel=False;1RT-22T:missing;2RT-22T:missing	nt-approach	821.1998	edge:nt-approach:0:1000	820.8902	edge:nt-approach:0:1000	821.2003	edge:nt-approach:0:1000:AtoB	True	True	74.12724
4063	60.9449986377731	20.65577	nt-approach	1001.51	edge:nt-approach:1000:1020	1.199867	edge:nt-approach:1000:1020	1.509798	AtoB	True	True	True	True	True	43260.9299986381	edge:nt-approach:1000:1020:AtoB,edge:nt-main:0:100:AtoB	True	edge:nt-approach:1000:1020,edge:nt-main:0:100,edge:nt-main:100:380	81	True	73.59218	False	False	True	True	True	21T-1RT:missing;21T-2RT:proceed=False,path=True,locked=True,cancel=False;1RT-22T:missing;2RT-22T:missing	nt-approach	821.5098	edge:nt-approach:0:1000	821.2003	edge:nt-approach:0:1000	821.5103	edge:nt-approach:0:1000:AtoB	True	True	74.12724
4064	60.9599986374378	20.64319	nt-approach	1001.82	edge:nt-approach:1000:1020	1.509798	edge:nt-approach:1000:1020	1.81954	AtoB	True	True	True	True	True	43260.9449986378	edge:nt-approach:1000:1020:AtoB,edge:nt-main:0:100:AtoB	True	edge:nt-approach:1000:1020,edge:nt-main:0:100,edge:nt-main:100:380	81	True	73.55399	False	False	True	True	True	21T-1RT:missing;21T-2RT:proceed=False,path=True,locked=True,cancel=False;1RT-22T:missing;2RT-22T:missing	nt-approach	821.8195	edge:nt-approach:0:1000	821.5103	edge:nt-approach:0:1000	821.82	edge:nt-approach:0:1000:AtoB	True	True	74.12724
4065	60.9749986371025	20.6306	nt-approach	1002.129	edge:nt-approach:1000:1020	1.81954	edge:nt-approach:1000:1020	2.129093	AtoB	True	True	True	True	True	43260.9599986374	edge:nt-approach:1000:1020:AtoB,edge:nt-main:0:100:AtoB	True	edge:nt-approach:1000:1020,edge:nt-main:0:100,edge:nt-main:100:380	81	True	73.51579	False	False	True	True	True	21T-1RT:missing;21T-2RT:proceed=False,path=True,locked=True,cancel=False;1RT-22T:missing;2RT-22T:missing	nt-approach	822.1291	edge:nt-approach:0:1000	821.82	edge:nt-approach:0:1000	822.1296	edge:nt-approach:0:1000:AtoB	True	True	74.12724
4066	60.9899986367673	20.61799	nt-approach	1002.438	edge:nt-approach:1000:1020	2.129093	edge:nt-approach:1000:1020	2.438457	AtoB	True	True	True	True	True	43260.9749986371	edge:nt-approach:1000:1020:AtoB,edge:nt-main:0:100:AtoB	True	edge:nt-approach:1000:1020,edge:nt-main:0:100,edge:nt-main:100:380	81	True	73.47761	False	False	True	True	True	21T-1RT:missing;21T-2RT:proceed=False,path=True,locked=True,cancel=False;1RT-22T:missing;2RT-22T:missing	nt-approach	822.4385	edge:nt-approach:0:1000	822.1296	edge:nt-approach:0:1000	822.439	edge:nt-approach:0:1000:AtoB	True	True	74.12724
4067	61.004998636432	20.60538	nt-approach	1002.748	edge:nt-approach:1000:1020	2.438457	edge:nt-approach:1000:1020	2.747633	AtoB	True	True	True	True	True	43260.9899986368	edge:nt-approach:1000:1020:AtoB,edge:nt-main:0:100:AtoB	True	edge:nt-approach:1000:1020,edge:nt-main:0:100,edge:nt-main:100:380	81	True	73.43943	False	False	True	True	True	21T-1RT:missing;21T-2RT:proceed=False,path=True,locked=True,cancel=False;1RT-22T:missing;2RT-22T:missing	nt-approach	822.7477	edge:nt-approach:0:1000	822.439	edge:nt-approach:0:1000	822.7482	edge:nt-approach:0:1000:AtoB	True	True	73.47761
4068	61.0199986360967	20.59283	nt-approach	1003.057	edge:nt-approach:1000:1020	2.747633	edge:nt-approach:1000:1020	3.056619	AtoB	True	True	True	True	True	43261.0049986364	edge:nt-approach:1000:1020:AtoB,edge:nt-main:0:100:AtoB	True	edge:nt-approach:1000:1020,edge:nt-main:0:100,edge:nt-main:100:380	81	True	73.40125	False	False	True	True	True	21T-1RT:missing;21T-2RT:proceed=False,path=True,locked=True,cancel=False;1RT-22T:missing;2RT-22T:missing	nt-approach	823.0566	edge:nt-approach:0:1000	822.7482	edge:nt-approach:0:1000	823.0571	edge:nt-approach:0:1000:AtoB	True	True	73.47761
4069	61.0349986357614	20.58031	nt-approach	1003.365	edge:nt-approach:1000:1020	3.056619	edge:nt-approach:1000:1020	3.365418	AtoB	True	True	True	True	True	43261.0199986361	edge:nt-approach:1000:1020:AtoB,edge:nt-main:0:100:AtoB	True	edge:nt-approach:1000:1020,edge:nt-main:0:100,edge:nt-main:100:380	81	True	73.36308	False	False	True	True	True	21T-1RT:missing;21T-2RT:proceed=False,path=True,locked=True,cancel=False;1RT-22T:missing;2RT-22T:missing	nt-approach	823.3654	edge:nt-approach:0:1000	823.0571	edge:nt-approach:0:1000	823.3659	edge:nt-approach:0:1000:AtoB	True	True	73.47761
4070	61.0499986354262	20.56778	nt-approach	1003.674	edge:nt-approach:1000:1020	3.365418	edge:nt-approach:1000:1020	3.674029	AtoB	True	True	True	True	True	43261.0349986358	edge:nt-approach:1000:1020:AtoB,edge:nt-main:0:100:AtoB	True	edge:nt-approach:1000:1020,edge:nt-main:0:100,edge:nt-main:100:380	81	True	73.3249	False	False	True	True	True	21T-1RT:missing;21T-2RT:proceed=False,path=True,locked=True,cancel=False;1RT-22T:missing;2RT-22T:missing	nt-approach	823.674	edge:nt-approach:0:1000	823.3659	edge:nt-approach:0:1000	823.6745	edge:nt-approach:0:1000:AtoB	True	True	73.47761
4071	61.0649986350909	20.55524	nt-approach	1003.982	edge:nt-approach:1000:1020	3.674029	edge:nt-approach:1000:1020	3.982451	AtoB	True	True	True	True	True	43261.0499986354	edge:nt-approach:1000:1020:AtoB,edge:nt-main:0:100:AtoB	True	edge:nt-approach:1000:1020,edge:nt-main:0:100,edge:nt-main:100:380	81	True	73.28673	False	False	True	True	True	21T-1RT:missing;21T-2RT:proceed=False,path=True,locked=True,cancel=False;1RT-22T:missing;2RT-22T:missing	nt-approach	823.9824	edge:nt-approach:0:1000	823.6745	edge:nt-approach:0:1000	823.9829	edge:nt-approach:0:1000:AtoB	True	True	73.47761
4072	61.0799986347556	20.54268	nt-approach	1004.291	edge:nt-approach:1000:1020	3.982451	edge:nt-approach:1000:1020	4.290686	AtoB	True	True	True	True	True	43261.0649986351	edge:nt-approach:1000:1020:AtoB,edge:nt-main:0:100:AtoB	True	edge:nt-approach:1000:1020,edge:nt-main:0:100,edge:nt-main:100:380	81	True	73.24857	False	False	True	True	True	21T-1RT:missing;21T-2RT:proceed=False,path=True,locked=True,cancel=False;1RT-22T:missing;2RT-22T:missing	nt-approach	824.2906	edge:nt-approach:0:1000	823.9829	edge:nt-approach:0:1000	824.2911	edge:nt-approach:0:1000:AtoB	True	True	73.47761
4073	61.0949986344203	20.53012	nt-approach	1004.599	edge:nt-approach:1000:1020	4.290686	edge:nt-approach:1000:1020	4.598732	AtoB	True	True	True	True	True	43261.0799986348	edge:nt-approach:1000:1020:AtoB,edge:nt-main:0:100:AtoB	True	edge:nt-approach:1000:1020,edge:nt-main:0:100,edge:nt-main:100:380	81	True	73.2104	False	False	True	True	True	21T-1RT:missing;21T-2RT:proceed=False,path=True,locked=True,cancel=False;1RT-22T:missing;2RT-22T:missing	nt-approach	824.5987	edge:nt-approach:0:1000	824.2911	edge:nt-approach:0:1000	824.5992	edge:nt-approach:0:1000:AtoB	True	True	73.47761
4074	61.1099986340851	20.51755	nt-approach	1004.907	edge:nt-approach:1000:1020	4.598732	edge:nt-approach:1000:1020	4.906589	AtoB	True	True	True	True	True	43261.0949986344	edge:nt-approach:1000:1020:AtoB,edge:nt-main:0:100:AtoB	True	edge:nt-approach:1000:1020,edge:nt-main:0:100,edge:nt-main:100:380	81	True	73.17225	False	False	True	True	True	21T-1RT:missing;21T-2RT:proceed=False,path=True,locked=True,cancel=False;1RT-22T:missing;2RT-22T:missing	nt-approach	824.9066	edge:nt-approach:0:1000	824.5992	edge:nt-approach:0:1000	824.907	edge:nt-approach:0:1000:AtoB	True	True	73.47761
4075	61.1249986337498	20.50496	nt-approach	1005.214	edge:nt-approach:1000:1020	4.906589	edge:nt-approach:1000:1020	5.214258	AtoB	True	True	True	True	True	43261.1099986341	edge:nt-approach:1000:1020:AtoB,edge:nt-main:0:100:AtoB	True	edge:nt-approach:1000:1020,edge:nt-main:0:100,edge:nt-main:100:380	81	True	73.13409	False	False	True	True	True	21T-1RT:missing;21T-2RT:proceed=False,path=True,locked=True,cancel=False;1RT-22T:missing;2RT-22T:missing	nt-approach	825.2142	edge:nt-approach:0:1000	824.907	edge:nt-approach:0:1000	825.2147	edge:nt-approach:0:1000:AtoB	True	True	73.47761
4076	61.1399986334145	20.49237	nt-approach	1005.522	edge:nt-approach:1000:1020	5.214258	edge:nt-approach:1000:1020	5.521738	AtoB	True	True	True	True	True	43261.1249986337	edge:nt-approach:1000:1020:AtoB,edge:nt-main:0:100:AtoB	True	edge:nt-approach:1000:1020,edge:nt-main:0:100,edge:nt-main:100:380	81	True	73.09594	False	False	True	True	True	21T-1RT:missing;21T-2RT:proceed=False,path=True,locked=True,cancel=False;1RT-22T:missing;2RT-22T:missing	nt-approach	825.5217	edge:nt-approach:0:1000	825.2147	edge:nt-approach:0:1000	825.5222	edge:nt-approach:0:1000:AtoB	True	True	73.47761
4077	61.1549986330792	20.47983	nt-approach	1005.829	edge:nt-approach:1000:1020	5.521738	edge:nt-approach:1000:1020	5.829029	AtoB	True	True	True	True	True	43261.1399986334	edge:nt-approach:1000:1020:AtoB,edge:nt-main:0:100:AtoB	True	edge:nt-approach:1000:1020,edge:nt-main:0:100,edge:nt-main:100:380	81	True	73.05779	False	False	True	True	True	21T-1RT:missing;21T-2RT:proceed=False,path=True,locked=True,cancel=False;1RT-22T:missing;2RT-22T:missing	nt-approach	825.829	edge:nt-approach:0:1000	825.5222	edge:nt-approach:0:1000	825.8295	edge:nt-approach:0:1000:AtoB	True	True	73.47761
4078	61.169998632744	20.46728	nt-approach	1006.136	edge:nt-approach:1000:1020	5.829029	edge:nt-approach:1000:1020	6.136132	AtoB	True	True	True	True	True	43261.1549986331	edge:nt-approach:1000:1020:AtoB,edge:nt-main:0:100:AtoB	True	edge:nt-approach:1000:1020,edge:nt-main:0:100,edge:nt-main:100:380	81	True	73.01965	False	False	True	True	True	21T-1RT:missing;21T-2RT:proceed=False,path=True,locked=True,cancel=False;1RT-22T:missing;2RT-22T:missing	nt-approach	826.1362	edge:nt-approach:0:1000	825.8295	edge:nt-approach:0:1000	826.1367	edge:nt-approach:0:1000:AtoB	True	True	73.47761
4079	61.1849986324087	20.45472	nt-approach	1006.443	edge:nt-approach:1000:1020	6.136132	edge:nt-approach:1000:1020	6.443047	AtoB	True	True	True	True	True	43261.1699986327	edge:nt-approach:1000:1020:AtoB,edge:nt-main:0:100:AtoB	True	edge:nt-approach:1000:1020,edge:nt-main:0:100,edge:nt-main:100:380	81	True	72.98151	False	False	True	True	True	21T-1RT:missing;21T-2RT:proceed=False,path=True,locked=True,cancel=False;1RT-22T:missing;2RT-22T:missing	nt-approach	826.4431	edge:nt-approach:0:1000	826.1367	edge:nt-approach:0:1000	826.4435	edge:nt-approach:0:1000:AtoB	True	True	73.47761
4080	61.1999986320734	20.44215	nt-approach	1006.75	edge:nt-approach:1000:1020	6.443047	edge:nt-approach:1000:1020	6.749774	AtoB	True	True	True	True	True	43261.1849986324	edge:nt-approach:1000:1020:AtoB,edge:nt-main:0:100:AtoB	True	edge:nt-approach:1000:1020,edge:nt-main:0:100,edge:nt-main:100:380	81	True	72.94337	False	False	True	True	True	21T-1RT:missing;21T-2RT:proceed=False,path=True,locked=True,cancel=False;1RT-22T:missing;2RT-22T:missing	nt-approach	826.7498	edge:nt-approach:0:1000	826.4435	edge:nt-approach:0:1000	826.7502	edge:nt-approach:0:1000:AtoB	True	True	73.47761
4081	61.2149986317381	20.42957	nt-approach	1007.056	edge:nt-approach:1000:1020	6.749774	edge:nt-approach:1000:1020	7.056312	AtoB	True	True	True	True	True	43261.1999986321	edge:nt-approach:1000:1020:AtoB,edge:nt-main:0:100:AtoB	True	edge:nt-approach:1000:1020,edge:nt-main:0:100,edge:nt-main:100:380	81	True	72.90523	False	False	True	True	True	21T-1RT:missing;21T-2RT:proceed=False,path=True,locked=True,cancel=False;1RT-22T:missing;2RT-22T:missing	nt-approach	827.0563	edge:nt-approach:0:1000	826.7502	edge:nt-approach:0:1000	827.0568	edge:nt-approach:0:1000:AtoB	True	True	73.47761
4082	61.2299986314029	20.41698	nt-approach	1007.363	edge:nt-approach:1000:1020	7.056312	edge:nt-approach:1000:1020	7.362661	AtoB	True	True	True	True	True	43261.2149986317	edge:nt-approach:1000:1020:AtoB,edge:nt-main:0:100:AtoB	True	edge:nt-approach:1000:1020,edge:nt-main:0:100,edge:nt-main:100:380	81	True	72.8671	False	False	True	True	True	21T-1RT:missing;21T-2RT:proceed=False,path=True,locked=True,cancel=False;1RT-22T:missing;2RT-22T:missing	nt-approach	827.3626	edge:nt-approach:0:1000	827.0568	edge:nt-approach:0:1000	827.3631	edge:nt-approach:0:1000:AtoB	True	True	73.47761
4083	61.2449986310676	20.40444	nt-approach	1007.669	edge:nt-approach:1000:1020	7.362661	edge:nt-approach:1000:1020	7.668821	AtoB	True	True	True	True	True	43261.2299986314	edge:nt-approach:1000:1020:AtoB,edge:nt-main:0:100:AtoB	True	edge:nt-approach:1000:1020,edge:nt-main:0:100,edge:nt-main:100:380	81	True	72.82897	False	False	True	True	True	21T-1RT:missing;21T-2RT:proceed=False,path=True,locked=True,cancel=False;1RT-22T:missing;2RT-22T:missing	nt-approach	827.6688	edge:nt-approach:0:1000	827.3631	edge:nt-approach:0:1000	827.6693	edge:nt-approach:0:1000:AtoB	True	True	73.47761
4084	61.2599986307323	20.39189	nt-approach	1007.975	edge:nt-approach:1000:1020	7.668821	edge:nt-approach:1000:1020	7.974794	AtoB	True	True	True	True	True	43261.2449986311	edge:nt-approach:1000:1020:AtoB,edge:nt-main:0:100:AtoB	True	edge:nt-approach:1000:1020,edge:nt-main:0:100,edge:nt-main:100:380	81	True	72.79085	False	False	True	True	True	21T-1RT:missing;21T-2RT:proceed=False,path=True,locked=True,cancel=False;1RT-22T:missing;2RT-22T:missing	nt-approach	827.9747	edge:nt-approach:0:1000	827.6693	edge:nt-approach:0:1000	827.9752	edge:nt-approach:0:1000:AtoB	True	True	72.82897
4085	61.274998630397	20.37938	nt-approach	1008.281	edge:nt-approach:1000:1020	7.974794	edge:nt-approach:1000:1020	8.280579	AtoB	True	True	True	True	True	43261.2599986307	edge:nt-approach:1000:1020:AtoB,edge:nt-main:0:100:AtoB	True	edge:nt-approach:1000:1020,edge:nt-main:0:100,edge:nt-main:100:380	81	True	72.75272	False	False	True	True	True	21T-1RT:missing;21T-2RT:proceed=False,path=True,locked=True,cancel=False;1RT-22T:missing;2RT-22T:missing	nt-approach	828.2805	edge:nt-approach:0:1000	827.9752	edge:nt-approach:0:1000	828.281	edge:nt-approach:0:1000:AtoB	True	True	72.82897
4086	61.2899986300617	20.36687	nt-approach	1008.586	edge:nt-approach:1000:1020	8.280579	edge:nt-approach:1000:1020	8.586176	AtoB	True	True	True	True	True	43261.2749986304	edge:nt-approach:1000:1020:AtoB,edge:nt-main:0:100:AtoB	True	edge:nt-approach:1000:1020,edge:nt-main:0:100,edge:nt-main:100:380	81	True	72.71461	False	False	True	True	True	21T-1RT:missing;21T-2RT:proceed=False,path=True,locked=True,cancel=False;1RT-22T:missing;2RT-22T:missing	nt-approach	828.5861	edge:nt-approach:0:1000	828.281	edge:nt-approach:0:1000	828.5866	edge:nt-approach:0:1000:AtoB	True	True	72.82897
4087	61.3049986297265	20.35434	nt-approach	1008.892	edge:nt-approach:1000:1020	8.586176	edge:nt-approach:1000:1020	8.891585	AtoB	True	True	True	True	True	43261.2899986301	edge:nt-approach:1000:1020:AtoB,edge:nt-main:0:100:AtoB	True	edge:nt-approach:1000:1020,edge:nt-main:0:100,edge:nt-main:100:380	81	True	72.6765	False	False	True	True	True	21T-1RT:missing;21T-2RT:proceed=False,path=True,locked=True,cancel=False;1RT-22T:missing;2RT-22T:missing	nt-approach	828.8915	edge:nt-approach:0:1000	828.5866	edge:nt-approach:0:1000	828.892	edge:nt-approach:0:1000:AtoB	True	True	72.82897
4088	61.3199986293912	20.3418	nt-approach	1009.197	edge:nt-approach:1000:1020	8.891585	edge:nt-approach:1000:1020	9.196806	AtoB	True	True	True	True	True	43261.3049986297	edge:nt-approach:1000:1020:AtoB,edge:nt-main:0:100:AtoB	True	edge:nt-approach:1000:1020,edge:nt-main:0:100,edge:nt-main:100:380	81	True	72.63839	False	False	True	True	True	21T-1RT:missing;21T-2RT:proceed=False,path=True,locked=True,cancel=False;1RT-22T:missing;2RT-22T:missing	nt-approach	829.1968	edge:nt-approach:0:1000	828.892	edge:nt-approach:0:1000	829.1973	edge:nt-approach:0:1000:AtoB	True	True	72.82897
4089	61.3349986290559	20.32925	nt-approach	1009.502	edge:nt-approach:1000:1020	9.196806	edge:nt-approach:1000:1020	9.501839	AtoB	True	True	True	True	True	43261.3199986294	edge:nt-approach:1000:1020:AtoB,edge:nt-main:0:100:AtoB	True	edge:nt-approach:1000:1020,edge:nt-main:0:100,edge:nt-main:100:380	81	True	72.60028	False	False	True	True	True	21T-1RT:missing;21T-2RT:proceed=False,path=True,locked=True,cancel=False;1RT-22T:missing;2RT-22T:missing	nt-approach	829.5018	edge:nt-approach:0:1000	829.1973	edge:nt-approach:0:1000	829.5023	edge:nt-approach:0:1000:AtoB	True	True	72.82897
4090	61.3499986287206	20.31669	nt-approach	1009.807	edge:nt-approach:1000:1020	9.501839	edge:nt-approach:1000:1020	9.806684	AtoB	True	True	True	True	True	43261.3349986291	edge:nt-approach:1000:1020:AtoB,edge:nt-main:0:100:AtoB	True	edge:nt-approach:1000:1020,edge:nt-main:0:100,edge:nt-main:100:380	81	True	72.56217	False	False	True	True	True	21T-1RT:missing;21T-2RT:proceed=False,path=True,locked=True,cancel=False;1RT-22T:missing;2RT-22T:missing	nt-approach	829.8067	edge:nt-approach:0:1000	829.5023	edge:nt-approach:0:1000	829.8072	edge:nt-approach:0:1000:AtoB	True	True	72.82897
4091	61.3649986283854	20.30412	nt-approach	1010.111	edge:nt-approach:1000:1020	9.806684	edge:nt-approach:1000:1020	10.11134	AtoB	True	True	True	True	True	43261.3499986287	edge:nt-approach:1000:1020:AtoB,edge:nt-main:0:100:AtoB	True	edge:nt-approach:1000:1020,edge:nt-main:0:100,edge:nt-main:100:380	81	True	72.52408	False	False	True	True	True	21T-1RT:missing;21T-2RT:proceed=False,path=True,locked=True,cancel=False;1RT-22T:missing;2RT-22T:missing	nt-approach	830.1113	edge:nt-approach:0:1000	829.8072	edge:nt-approach:0:1000	830.1118	edge:nt-approach:0:1000:AtoB	True	True	72.82897
4092	61.3799986280501	20.29154	nt-approach	1010.416	edge:nt-approach:1000:1020	10.11134	edge:nt-approach:1000:1020	10.41581	AtoB	True	True	True	True	True	43261.3649986284	edge:nt-approach:1000:1020:AtoB,edge:nt-main:0:100:AtoB	True	edge:nt-approach:1000:1020,edge:nt-main:0:100,edge:nt-main:100:380	81	True	72.48598	False	False	True	True	True	21T-1RT:missing;21T-2RT:proceed=False,path=True,locked=True,cancel=False;1RT-22T:missing;2RT-22T:missing	nt-approach	830.4158	edge:nt-approach:0:1000	830.1118	edge:nt-approach:0:1000	830.4163	edge:nt-approach:0:1000:AtoB	True	True	72.82897
4093	61.3949986277148	20.27894	nt-approach	1010.72	edge:nt-approach:1000:1020	10.41581	edge:nt-approach:1000:1020	10.72009	AtoB	True	True	True	True	True	43261.3799986281	edge:nt-approach:1000:1020:AtoB,edge:nt-main:0:100:AtoB	True	edge:nt-approach:1000:1020,edge:nt-main:0:100,edge:nt-main:100:380	81	True	72.44789	False	False	True	True	True	21T-1RT:missing;21T-2RT:proceed=False,path=True,locked=True,cancel=False;1RT-22T:missing;2RT-22T:missing	nt-approach	830.72	edge:nt-approach:0:1000	830.4163	edge:nt-approach:0:1000	830.7205	edge:nt-approach:0:1000:AtoB	True	True	72.82897
4094	61.4099986273795	20.26634	nt-approach	1011.024	edge:nt-approach:1000:1020	10.72009	edge:nt-approach:1000:1020	11.02417	AtoB	True	True	True	True	True	43261.3949986277	edge:nt-approach:1000:1020:AtoB,edge:nt-main:0:100:AtoB	True	edge:nt-approach:1000:1020,edge:nt-main:0:100,edge:nt-main:100:380	81	True	72.40981	False	False	True	True	True	21T-1RT:missing;21T-2RT:proceed=False,path=True,locked=True,cancel=False;1RT-22T:missing;2RT-22T:missing	nt-approach	831.0241	edge:nt-approach:0:1000	830.7205	edge:nt-approach:0:1000	831.0246	edge:nt-approach:0:1000:AtoB	True	True	72.82897
4095	61.4249986270443	20.25373	nt-approach	1011.328	edge:nt-approach:1000:1020	11.02417	edge:nt-approach:1000:1020	11.32808	AtoB	True	True	True	True	True	43261.4099986274	edge:nt-approach:1000:1020:AtoB,edge:nt-main:0:100:AtoB	True	edge:nt-approach:1000:1020,edge:nt-main:0:100,edge:nt-main:100:380	81	True	72.37172	False	False	True	True	True	21T-1RT:missing;21T-2RT:proceed=False,path=True,locked=True,cancel=False;1RT-22T:missing;2RT-22T:missing	nt-approach	831.328	edge:nt-approach:0:1000	831.0246	edge:nt-approach:0:1000	831.3285	edge:nt-approach:0:1000:AtoB	True	True	72.82897
4096	61.439998626709	20.24111	nt-approach	1011.632	edge:nt-approach:1000:1020	11.32808	edge:nt-approach:1000:1020	11.63179	AtoB	True	True	True	True	True	43261.424998627	edge:nt-approach:1000:1020:AtoB,edge:nt-main:0:100:AtoB	True	edge:nt-approach:1000:1020,edge:nt-main:0:100,edge:nt-main:100:380	81	True	72.33364	False	False	True	True	True	21T-1RT:missing;21T-2RT:proceed=False,path=True,locked=True,cancel=False;1RT-22T:missing;2RT-22T:missing	nt-approach	831.6317	edge:nt-approach:0:1000	831.3285	edge:nt-approach:0:1000	831.6322	edge:nt-approach:0:1000:AtoB	True	True	72.82897
4097	61.4549986263737	20.22847	nt-approach	1011.935	edge:nt-approach:1000:1020	11.63179	edge:nt-approach:1000:1020	11.93531	AtoB	True	True	True	True	True	43261.4399986267	edge:nt-approach:1000:1020:AtoB,edge:nt-main:0:100:AtoB	True	edge:nt-approach:1000:1020,edge:nt-main:0:100,edge:nt-main:100:380	81	True	72.29556	False	False	True	True	True	21T-1RT:missing;21T-2RT:proceed=False,path=True,locked=True,cancel=False;1RT-22T:missing;2RT-22T:missing	nt-approach	831.9352	edge:nt-approach:0:1000	831.6322	edge:nt-approach:0:1000	831.9357	edge:nt-approach:0:1000:AtoB	True	True	72.82897
4098	61.4699986260384	20.21589	nt-approach	1012.239	edge:nt-approach:1000:1020	11.93531	edge:nt-approach:1000:1020	12.23864	AtoB	True	True	True	True	True	43261.4549986264	edge:nt-approach:1000:1020:AtoB,edge:nt-main:0:100:AtoB	True	edge:nt-approach:1000:1020,edge:nt-main:0:100,edge:nt-main:100:380	81	True	72.25748	False	False	True	True	True	21T-1RT:missing;21T-2RT:proceed=False,path=True,locked=True,cancel=False;1RT-22T:missing;2RT-22T:missing	nt-approach	832.2386	edge:nt-approach:0:1000	831.9357	edge:nt-approach:0:1000	832.2391	edge:nt-approach:0:1000:AtoB	True	True	72.82897
4099	61.4849986257032	20.20331	nt-approach	1012.542	edge:nt-approach:1000:1020	12.23864	edge:nt-approach:1000:1020	12.54179	AtoB	True	True	True	True	True	43261.469998626	edge:nt-approach:1000:1020:AtoB,edge:nt-main:0:100:AtoB	True	edge:nt-approach:1000:1020,edge:nt-main:0:100,edge:nt-main:100:380	81	True	72.21941	False	False	True	True	True	21T-1RT:missing;21T-2RT:proceed=False,path=True,locked=True,cancel=False;1RT-22T:missing;2RT-22T:missing	nt-approach	832.5417	edge:nt-approach:0:1000	832.2391	edge:nt-approach:0:1000	832.5422	edge:nt-approach:0:1000:AtoB	True	True	72.82897
4100	61.4999986253679	20.19071	nt-approach	1012.845	edge:nt-approach:1000:1020	12.54179	edge:nt-approach:1000:1020	12.84474	AtoB	True	True	True	True	True	43261.4849986257	edge:nt-approach:1000:1020:AtoB,edge:nt-main:0:100:AtoB	True	edge:nt-approach:1000:1020,edge:nt-main:0:100,edge:nt-main:100:380	81	True	72.18135	False	False	True	True	True	21T-1RT:missing;21T-2RT:proceed=False,path=True,locked=True,cancel=False;1RT-22T:missing;2RT-22T:missing	nt-approach	832.8447	edge:nt-approach:0:1000	832.5422	edge:nt-approach:0:1000	832.8452	edge:nt-approach:0:1000:AtoB	True	True	72.21941
4101	61.5149986250326	20.17817	nt-approach	1013.148	edge:nt-approach:1000:1020	12.84474	edge:nt-approach:1000:1020	13.14751	AtoB	True	True	True	True	True	43261.4999986254	edge:nt-approach:1000:1020:AtoB,edge:nt-main:0:100:AtoB	True	edge:nt-approach:1000:1020,edge:nt-main:0:100,edge:nt-main:100:380	81	True	72.14329	False	False	True	True	True	21T-1RT:missing;21T-2RT:proceed=False,path=True,locked=True,cancel=False;1RT-22T:missing;2RT-22T:missing	nt-approach	833.1475	edge:nt-approach:0:1000	832.8452	edge:nt-approach:0:1000	833.148	edge:nt-approach:0:1000:AtoB	True	True	72.21941
4102	61.5299986246973	20.16566	nt-approach	1013.45	edge:nt-approach:1000:1020	13.14751	edge:nt-approach:1000:1020	13.45009	AtoB	True	True	True	True	True	43261.514998625	edge:nt-approach:1000:1020:AtoB,edge:nt-main:0:100:AtoB	True	edge:nt-approach:1000:1020,edge:nt-main:0:100,edge:nt-main:100:380	81	True	72.10522	False	False	True	True	True	21T-1RT:missing;21T-2RT:proceed=False,path=True,locked=True,cancel=False;1RT-22T:missing;2RT-22T:missing	nt-approach	833.4501	edge:nt-approach:0:1000	833.148	edge:nt-approach:0:1000	833.4506	edge:nt-approach:0:1000:AtoB	True	True	72.21941
4103	61.5449986243621	20.15313	nt-approach	1013.752	edge:nt-approach:1000:1020	13.45009	edge:nt-approach:1000:1020	13.75248	AtoB	True	True	True	True	True	43261.5299986247	edge:nt-approach:1000:1020:AtoB,edge:nt-main:0:100:AtoB	True	edge:nt-approach:1000:1020,edge:nt-main:0:100,edge:nt-main:100:380	81	True	72.06717	False	False	True	True	True	21T-1RT:missing;21T-2RT:proceed=False,path=True,locked=True,cancel=False;1RT-22T:missing;2RT-22T:missing	nt-approach	833.7524	edge:nt-approach:0:1000	833.4506	edge:nt-approach:0:1000	833.7529	edge:nt-approach:0:1000:AtoB	True	True	72.21941
4104	61.5599986240268	20.14059	nt-approach	1014.055	edge:nt-approach:1000:1020	13.75248	edge:nt-approach:1000:1020	14.05468	AtoB	True	True	True	True	True	43261.5449986244	edge:nt-approach:1000:1020:AtoB,edge:nt-main:0:100:AtoB	True	edge:nt-approach:1000:1020,edge:nt-main:0:100,edge:nt-main:100:380	81	True	72.02912	False	False	True	True	True	21T-1RT:missing;21T-2RT:proceed=False,path=True,locked=True,cancel=False;1RT-22T:missing;2RT-22T:missing	nt-approach	834.0546	edge:nt-approach:0:1000	833.7529	edge:nt-approach:0:1000	834.0551	edge:nt-approach:0:1000:AtoB	True	True	72.21941
4105	61.5749986236915	20.12805	nt-approach	1014.357	edge:nt-approach:1000:1020	14.05468	edge:nt-approach:1000:1020	14.35669	AtoB	True	True	True	True	True	43261.559998624	edge:nt-approach:1000:1020:AtoB,edge:nt-main:0:100:AtoB	True	edge:nt-approach:1000:1020,edge:nt-main:0:100,edge:nt-main:100:380	81	True	71.99107	False	False	True	True	True	21T-1RT:missing;21T-2RT:proceed=False,path=True,locked=True,cancel=False;1RT-22T:missing;2RT-22T:missing	nt-approach	834.3566	edge:nt-approach:0:1000	834.0551	edge:nt-approach:0:1000	834.3571	edge:nt-approach:0:1000:AtoB	True	True	72.21941
4106	61.5899986233562	20.11549	nt-approach	1014.658	edge:nt-approach:1000:1020	14.35669	edge:nt-approach:1000:1020	14.65852	AtoB	True	True	True	True	True	43261.5749986237	edge:nt-approach:1000:1020:AtoB,edge:nt-main:0:100:AtoB	True	edge:nt-approach:1000:1020,edge:nt-main:0:100,edge:nt-main:100:380	81	True	71.95303	False	False	True	True	True	21T-1RT:missing;21T-2RT:proceed=False,path=True,locked=True,cancel=False;1RT-22T:missing;2RT-22T:missing	nt-approach	834.6584	edge:nt-approach:0:1000	834.3571	edge:nt-approach:0:1000	834.6589	edge:nt-approach:0:1000:AtoB	True	True	72.21941
4107	61.6049986230209	20.10292	nt-approach	1014.96	edge:nt-approach:1000:1020	14.65852	edge:nt-approach:1000:1020	14.96016	AtoB	True	True	True	True	True	43261.5899986234	edge:nt-approach:1000:1020:AtoB,edge:nt-main:0:100:AtoB	True	edge:nt-approach:1000:1020,edge:nt-main:0:100,edge:nt-main:100:380	81	True	71.91499	False	False	True	True	True	21T-1RT:missing;21T-2RT:proceed=False,path=True,locked=True,cancel=False;1RT-22T:missing;2RT-22T:missing	nt-approach	834.9601	edge:nt-approach:0:1000	834.6589	edge:nt-approach:0:1000	834.9606	edge:nt-approach:0:1000:AtoB	True	True	72.21941
4108	61.6199986226857	20.09034	nt-approach	1015.262	edge:nt-approach:1000:1020	14.96016	edge:nt-approach:1000:1020	15.26161	AtoB	True	True	True	True	True	43261.604998623	edge:nt-approach:1000:1020:AtoB,edge:nt-main:0:100:AtoB	True	edge:nt-approach:1000:1020,edge:nt-main:0:100,edge:nt-main:100:380	81	True	71.87695	False	False	True	True	True	21T-1RT:missing;21T-2RT:proceed=False,path=True,locked=True,cancel=False;1RT-22T:missing;2RT-22T:missing	nt-approach	835.2615	edge:nt-approach:0:1000	834.9606	edge:nt-approach:0:1000	835.262	edge:nt-approach:0:1000:AtoB	True	True	72.21941
4109	61.6349986223504	20.07775	nt-approach	1015.563	edge:nt-approach:1000:1020	15.26161	edge:nt-approach:1000:1020	15.56287	AtoB	True	True	True	True	True	43261.6199986227	edge:nt-approach:1000:1020:AtoB,edge:nt-main:0:100:AtoB	True	edge:nt-approach:1000:1020,edge:nt-main:0:100,edge:nt-main:100:380	81	True	71.83891	False	False	True	True	True	21T-1RT:missing;21T-2RT:proceed=False,path=True,locked=True,cancel=False;1RT-22T:missing;2RT-22T:missing	nt-approach	835.5628	edge:nt-approach:0:1000	835.262	edge:nt-approach:0:1000	835.5633	edge:nt-approach:0:1000:AtoB	True	True	72.21941
4110	61.6499986220151	20.06515	nt-approach	1015.864	edge:nt-approach:1000:1020	15.56287	edge:nt-approach:1000:1020	15.86394	AtoB	True	True	True	True	True	43261.6349986224	edge:nt-approach:1000:1020:AtoB,edge:nt-main:0:100:AtoB	True	edge:nt-approach:1000:1020,edge:nt-main:0:100,edge:nt-main:100:380	81	True	71.80089	False	False	True	True	True	21T-1RT:missing;21T-2RT:proceed=False,path=True,locked=True,cancel=False;1RT-22T:missing;2RT-22T:missing	nt-approach	835.8639	edge:nt-approach:0:1000	835.5633	edge:nt-approach:0:1000	835.8644	edge:nt-approach:0:1000:AtoB	True	True	72.21941
4111	61.6649986216798	20.0526	nt-approach	1016.165	edge:nt-approach:1000:1020	15.86394	edge:nt-approach:1000:1020	16.16482	AtoB	True	True	True	True	True	43261.649998622	edge:nt-approach:1000:1020:AtoB,edge:nt-main:0:100:AtoB	True	edge:nt-approach:1000:1020,edge:nt-main:0:100,edge:nt-main:100:380	81	True	71.76286	False	False	True	True	True	21T-1RT:missing;21T-2RT:proceed=False,path=True,locked=True,cancel=False;1RT-22T:missing;2RT-22T:missing	nt-approach	836.1648	edge:nt-approach:0:1000	835.8644	edge:nt-approach:0:1000	836.1653	edge:nt-approach:0:1000:AtoB	True	True	72.21941
4112	61.6799986213446	20.04005	nt-approach	1016.466	edge:nt-approach:1000:1020	16.16482	edge:nt-approach:1000:1020	16.46552	AtoB	True	True	True	True	True	43261.6649986217	edge:nt-approach:1000:1020:AtoB,edge:nt-main:0:100:AtoB	True	edge:nt-approach:1000:1020,edge:nt-main:0:100,edge:nt-main:100:380	81	True	71.72483	False	False	True	True	True	21T-1RT:missing;21T-2RT:proceed=False,path=True,locked=True,cancel=False;1RT-22T:missing;2RT-22T:missing	nt-approach	836.4655	edge:nt-approach:0:1000	836.1653	edge:nt-approach:0:1000	836.466	edge:nt-approach:0:1000:AtoB	True	True	72.21941
4113	61.6949986210093	20.02748	nt-approach	1016.766	edge:nt-approach:1000:1020	16.46552	edge:nt-approach:1000:1020	16.76603	AtoB	True	True	True	True	True	43261.6799986213	edge:nt-approach:1000:1020:AtoB,edge:nt-main:0:100:AtoB	True	edge:nt-approach:1000:1020,edge:nt-main:0:100,edge:nt-main:100:380	81	True	71.68681	False	False	True	True	True	21T-1RT:missing;21T-2RT:proceed=False,path=True,locked=True,cancel=False;1RT-22T:missing;2RT-22T:missing	nt-approach	836.766	edge:nt-approach:0:1000	836.466	edge:nt-approach:0:1000	836.7665	edge:nt-approach:0:1000:AtoB	True	True	72.21941
4114	61.709998620674	20.0149	nt-approach	1017.066	edge:nt-approach:1000:1020	16.76603	edge:nt-approach:1000:1020	17.06634	AtoB	True	True	True	True	True	43261.694998621	edge:nt-approach:1000:1020:AtoB,edge:nt-main:0:100:AtoB	True	edge:nt-approach:1000:1020,edge:nt-main:0:100,edge:nt-main:100:380	81	True	71.6488	False	False	True	True	True	21T-1RT:missing;21T-2RT:proceed=False,path=True,locked=True,cancel=False;1RT-22T:missing;2RT-22T:missing	nt-approach	837.0663	edge:nt-approach:0:1000	836.7665	edge:nt-approach:0:1000	837.0668	edge:nt-approach:0:1000:AtoB	True	True	72.21941
4115	61.7249986203387	20.00232	nt-approach	1017.366	edge:nt-approach:1000:1020	17.06634	edge:nt-approach:1000:1020	17.36647	AtoB	True	True	True	True	True	43261.7099986207	edge:nt-approach:1000:1020:AtoB,edge:nt-main:0:100:AtoB	True	edge:nt-approach:1000:1020,edge:nt-main:0:100,edge:nt-main:100:380	81	True	71.61079	False	False	True	True	True	21T-1RT:missing;21T-2RT:proceed=False,path=True,locked=True,cancel=False;1RT-22T:missing;2RT-22T:missing	nt-approach	837.3664	edge:nt-approach:0:1000	837.0668	edge:nt-approach:0:1000	837.3669	edge:nt-approach:0:1000:AtoB	True	True	72.21941
4116	61.7399986200035	19.98972	nt-approach	1017.666	edge:nt-approach:1000:1020	17.36647	edge:nt-approach:1000:1020	17.66641	AtoB	True	True	True	True	True	43261.7249986203	edge:nt-approach:1000:1020:AtoB,edge:nt-main:0:100:AtoB	True	edge:nt-approach:1000:1020,edge:nt-main:0:100,edge:nt-main:100:380	81	True	71.57278	False	False	True	True	True	21T-1RT:missing;21T-2RT:proceed=False,path=True,locked=True,cancel=False;1RT-22T:missing;2RT-22T:missing	nt-approach	837.6663	edge:nt-approach:0:1000	837.3669	edge:nt-approach:0:1000	837.6668	edge:nt-approach:0:1000:AtoB	True	True	72.21941
4117	61.7549986196682	19.97711	nt-approach	1017.966	edge:nt-approach:1000:1020	17.66641	edge:nt-approach:1000:1020	17.96616	AtoB	True	True	True	True	True	43261.73999862	edge:nt-approach:1000:1020:AtoB,edge:nt-main:0:100:AtoB	True	edge:nt-approach:1000:1020,edge:nt-main:0:100,edge:nt-main:100:380	81	True	71.53477	False	False	True	True	True	21T-1RT:missing;21T-2RT:proceed=False,path=True,locked=True,cancel=False;1RT-22T:missing;2RT-22T:missing	nt-approach	837.9661	edge:nt-approach:0:1000	837.6668	edge:nt-approach:0:1000	837.9666	edge:nt-approach:0:1000:AtoB	True	True	71.57278
4118	61.7699986193329	19.96457	nt-approach	1018.266	edge:nt-approach:1000:1020	17.96616	edge:nt-approach:1000:1020	18.26573	AtoB	True	True	True	True	True	43261.7549986197	edge:nt-approach:1000:1020:AtoB,edge:nt-main:0:100:AtoB	True	edge:nt-approach:1000:1020,edge:nt-main:0:100,edge:nt-main:100:380	81	True	71.49677	False	False	True	True	True	21T-1RT:missing;21T-2RT:proceed=False,path=True,locked=True,cancel=False;1RT-22T:missing;2RT-22T:missing	nt-approach	838.2656	edge:nt-approach:0:1000	837.9666	edge:nt-approach:0:1000	838.2661	edge:nt-approach:0:1000:AtoB	True	True	71.57278
4119	61.7849986189976	19.95206	nt-approach	1018.565	edge:nt-approach:1000:1020	18.26573	edge:nt-approach:1000:1020	18.5651	AtoB	True	True	True	True	True	43261.7699986193	edge:nt-approach:1000:1020:AtoB,edge:nt-main:0:100:AtoB	True	edge:nt-approach:1000:1020,edge:nt-main:0:100,edge:nt-main:100:380	81	True	71.45878	False	False	True	True	True	21T-1RT:missing;21T-2RT:proceed=False,path=True,locked=True,cancel=False;1RT-22T:missing;2RT-22T:missing	nt-approach	838.565	edge:nt-approach:0:1000	838.2661	edge:nt-approach:0:1000	838.5655	edge:nt-approach:0:1000:AtoB	True	True	71.57278
4120	61.7999986186624	19.93953	nt-approach	1018.864	edge:nt-approach:1000:1020	18.5651	edge:nt-approach:1000:1020	18.86429	AtoB	True	True	True	True	True	43261.784998619	edge:nt-approach:1000:1020:AtoB,edge:nt-main:0:100:AtoB	True	edge:nt-approach:1000:1020,edge:nt-main:0:100,edge:nt-main:100:380	81	True	71.42078	False	False	True	True	True	21T-1RT:missing;21T-2RT:proceed=False,path=True,locked=True,cancel=False;1RT-22T:missing;2RT-22T:missing	nt-approach	838.8642	edge:nt-approach:0:1000	838.5655	edge:nt-approach:0:1000	838.8647	edge:nt-approach:0:1000:AtoB	True	True	71.57278
4121	61.8149986183271	19.927	nt-approach	1019.163	edge:nt-approach:1000:1020	18.86429	edge:nt-approach:1000:1020	19.16329	AtoB	True	True	True	True	True	43261.7999986187	edge:nt-approach:1000:1020:AtoB,edge:nt-main:0:100:AtoB	True	edge:nt-approach:1000:1020,edge:nt-main:0:100,edge:nt-main:100:380	81	True	71.38279	False	False	True	True	True	21T-1RT:missing;21T-2RT:proceed=False,path=True,locked=True,cancel=False;1RT-22T:missing;2RT-22T:missing	nt-approach	839.1632	edge:nt-approach:0:1000	838.8647	edge:nt-approach:0:1000	839.1637	edge:nt-approach:0:1000:AtoB	True	True	71.57278
4122	61.8299986179918	19.91445	nt-approach	1019.462	edge:nt-approach:1000:1020	19.16329	edge:nt-approach:1000:1020	19.4621	AtoB	True	True	True	True	True	43261.8149986183	edge:nt-approach:1000:1020:AtoB,edge:nt-main:0:100:AtoB	True	edge:nt-approach:1000:1020,edge:nt-main:0:100,edge:nt-main:100:380	81	True	71.34481	False	False	True	True	True	21T-1RT:missing;21T-2RT:proceed=False,path=True,locked=True,cancel=False;1RT-22T:missing;2RT-22T:missing	nt-approach	839.462	edge:nt-approach:0:1000	839.1637	edge:nt-approach:0:1000	839.4625	edge:nt-approach:0:1000:AtoB	True	True	71.57278
4123	61.8449986176565	19.9019	nt-approach	1019.761	edge:nt-approach:1000:1020	19.4621	edge:nt-approach:1000:1020	19.76072	AtoB	True	True	True	True	True	43261.829998618	edge:nt-approach:1000:1020:AtoB,edge:nt-main:0:100:AtoB	True	edge:nt-approach:1000:1020,edge:nt-main:0:100,edge:nt-main:100:380	81	True	71.30682	False	False	True	True	True	21T-1RT:missing;21T-2RT:proceed=False,path=True,locked=True,cancel=False;1RT-22T:missing;2RT-22T:missing	nt-approach	839.7607	edge:nt-approach:0:1000	839.4625	edge:nt-approach:0:1000	839.7612	edge:nt-approach:0:1000:AtoB	True	True	71.57278
