tick	simSeconds	speedMps	physicalEdge	physicalM	beforeAtcEdge	beforeAtcM	afterAtcEdge	afterAtcM	direction	positionKnown	healthy	enabled	telegramPresent	telegramValid	issuedAt	telegramKeys	keyFound	path	normalSamples	hasValidPattern	normalAllowKmh	emergencyRequired	emergencyHold	hasBrakeSettings	hasSpeed	hasMass	routes	rearPhysicalEdge	rearPhysicalM	beforeRearEdge	beforeRearM	afterRearEdge	afterRearM	rearTelegramKeys
1300	19.499999564141	0	nt-approach	408	edge:nt-approach:0:1000	408	edge:nt-approach:0:1000	408	AtoB	True	True	True	True	True	43219.4849995645	edge:nt-approach:0:1000:AtoB	True	edge:nt-approach:0:1000,edge:nt-approach:1000:1020,edge:nt-main:0:100,edge:nt-main:100:380	281	True	120	False	False	True	True	True	21T-1RT:missing;21T-2RT:proceed=True,path=True,locked=True,cancel=False;1RT-22T:missing;2RT-22T:missing	nt-approach	228	edge:nt-approach:0:1000	228	edge:nt-approach:0:1000	228	edge:nt-approach:0:1000:AtoB
1400	20.9999995306134	0	nt-approach	408	edge:nt-approach:0:1000	408	edge:nt-approach:0:1000	408	AtoB	True	True	True	True	True	43220.9849995309	edge:nt-approach:0:1000:AtoB	True	edge:nt-approach:0:1000,edge:nt-approach:1000:1020,edge:nt-main:0:100,edge:nt-main:100:380	281	True	120	False	False	True	True	True	21T-1RT:missing;21T-2RT:proceed=True,path=True,locked=True,cancel=False;1RT-22T:missing;2RT-22T:missing	nt-approach	228	edge:nt-approach:0:1000	228	edge:nt-approach:0:1000	228	edge:nt-approach:0:1000:AtoB
1500	22.4999994970858	0.3178853	nt-approach	408.0734	edge:nt-approach:0:1000	408.0712	edge:nt-approach:0:1000	408.076	AtoB	True	True	True	True	True	43222.4849994974	edge:nt-approach:0:1000:AtoB	True	edge:nt-approach:0:1000,edge:nt-approach:1000:1020,edge:nt-main:0:100,edge:nt-main:100:380	281	True	120	False	False	True	True	True	21T-1RT:missing;21T-2RT:proceed=True,path=True,locked=True,cancel=False;1RT-22T:missing;2RT-22T:missing	nt-approach	228.0734	edge:nt-approach:0:1000	228.0711	edge:nt-approach:0:1000	228.0759	edge:nt-approach:0:1000:AtoB
1600	23.9999994635582	1.017987	nt-approach	409.074	edge:nt-approach:0:1000	409.0667	edge:nt-approach:0:1000	409.0819	AtoB	True	True	True	True	True	43223.9849994639	edge:nt-approach:0:1000:AtoB	True	edge:nt-approach:0:1000,edge:nt-approach:1000:1020,edge:nt-main:0:100,edge:nt-main:100:380	281	True	120	False	False	True	True	True	21T-1RT:missing;21T-2RT:proceed=True,path=True,locked=True,cancel=False;1RT-22T:missing;2RT-22T:missing	nt-approach	229.074	edge:nt-approach:0:1000	229.0666	edge:nt-approach:0:1000	229.0818	edge:nt-approach:0:1000:AtoB
1700	25.4999994300306	2.113639	nt-approach	411.3906	edge:nt-approach:0:1000	411.3752	edge:nt-approach:0:1000	411.407	AtoB	True	True	True	True	True	43225.4849994304	edge:nt-approach:0:1000:AtoB	True	edge:nt-approach:0:1000,edge:nt-approach:1000:1020,edge:nt-main:0:100,edge:nt-main:100:380	281	True	120	False	False	True	True	True	21T-1RT:missing;21T-2RT:proceed=True,path=True,locked=True,cancel=False;1RT-22T:missing;2RT-22T:missing	nt-approach	231.3906	edge:nt-approach:0:1000	231.375	edge:nt-approach:0:1000	231.4067	edge:nt-approach:0:1000:AtoB
1800	26.999999396503	3.265907	nt-approach	415.4254	edge:nt-approach:0:1000	415.4018	edge:nt-approach:0:1000	415.4507	AtoB	True	True	True	True	True	43226.9849993968	edge:nt-approach:0:1000:AtoB	True	edge:nt-approach:0:1000,edge:nt-approach:1000:1020,edge:nt-main:0:100,edge:nt-main:100:380	281	True	120	False	False	True	True	True	21T-1RT:missing;21T-2RT:proceed=True,path=True,locked=True,cancel=False;1RT-22T:missing;2RT-22T:missing	nt-approach	235.4254	edge:nt-approach:0:1000	235.4014	edge:nt-approach:0:1000	235.4504	edge:nt-approach:0:1000:AtoB
1900	28.4999993629754	4.416016	nt-approach	421.187	edge:nt-approach:0:1000	421.1548	edge:nt-approach:0:1000	421.221	AtoB	True	True	True	True	True	43228.4849993633	edge:nt-approach:0:1000:AtoB	True	edge:nt-approach:0:1000,edge:nt-approach:1000:1020,edge:nt-main:0:100,edge:nt-main:100:380	281	True	120	False	False	True	True	True	21T-1RT:missing;21T-2RT:proceed=True,path=True,locked=True,cancel=False;1RT-22T:missing;2RT-22T:missing	nt-approach	241.187	edge:nt-approach:0:1000	241.1543	edge:nt-approach:0:1000	241.2206	edge:nt-approach:0:1000:AtoB
2000	29.9999993294477	5.564637	nt-approach	428.6726	edge:nt-approach:0:1000	428.6319	edge:nt-approach:0:1000	428.7153	AtoB	True	True	True	True	True	43229.9849993298	edge:nt-approach:0:1000:AtoB	True	edge:nt-approach:0:1000,edge:nt-approach:1000:1020,edge:nt-main:0:100,edge:nt-main:100:380	281	True	120	False	False	True	True	True	21T-1RT:missing;21T-2RT:proceed=True,path=True,locked=True,cancel=False;1RT-22T:missing;2RT-22T:missing	nt-approach	248.6726	edge:nt-approach:0:1000	248.6314	edge:nt-approach:0:1000	248.7149	edge:nt-approach:0:1000:AtoB
2100	31.4999992959201	6.711926	nt-approach	437.8804	edge:nt-approach:0:1000	437.8311	edge:nt-approach:0:1000	437.9317	AtoB	True	True	True	True	True	43231.4849992963	edge:nt-approach:0:1000:AtoB	True	edge:nt-approach:0:1000,edge:nt-approach:1000:1020,edge:nt-main:0:100,edge:nt-main:100:380	281	True	120	False	False	True	True	True	21T-1RT:missing;21T-2RT:proceed=True,path=True,locked=True,cancel=False;1RT-22T:missing;2RT-22T:missing	nt-approach	257.8804	edge:nt-approach:0:1000	257.8306	edge:nt-approach:0:1000	257.9313	edge:nt-approach:0:1000:AtoB
2200	32.9999992623925	7.858688	nt-approach	448.8084	edge:nt-approach:0:1000	448.7505	edge:nt-approach:0:1000	448.8683	AtoB	True	True	True	True	True	43232.9849992627	edge:nt-approach:0:1000:AtoB	True	edge:nt-approach:0:1000,edge:nt-approach:1000:1020,edge:nt-main:0:100,edge:nt-main:100:380	281	True	120	False	False	True	True	True	21T-1RT:missing;21T-2RT:proceed=True,path=True,locked=True,cancel=False;1RT-22T:missing;2RT-22T:missing	nt-approach	268.8084	edge:nt-approach:0:1000	268.75	edge:nt-approach:0:1000	268.8679	edge:nt-approach:0:1000:AtoB
2300	34.4999992288649	9.004099	nt-approach	461.4552	edge:nt-approach:0:1000	461.3886	edge:nt-approach:0:1000	461.5237	AtoB	True	True	True	True	True	43234.4849992292	edge:nt-approach:0:1000:AtoB	True	edge:nt-approach:0:1000,edge:nt-approach:1000:1020,edge:nt-main:0:100,edge:nt-main:100:380	281	True	120	False	False	True	True	True	21T-1RT:missing;21T-2RT:proceed=True,path=True,locked=True,cancel=False;1RT-22T:missing;2RT-22T:missing	nt-approach	281.4552	edge:nt-approach:0:1000	281.3882	edge:nt-approach:0:1000	281.5233	edge:nt-approach:0:1000:AtoB
2400	35.9999991953373	10.14719	nt-approach	475.8185	edge:nt-approach:0:1000	475.7434	edge:nt-approach:0:1000	475.8957	AtoB	True	True	True	True	True	43235.9849991957	edge:nt-approach:0:1000:AtoB	True	edge:nt-approach:0:1000,edge:nt-approach:1000:1020,edge:nt-main:0:100,edge:nt-main:100:380	281	True	120	False	False	True	True	True	21T-1RT:missing;21T-2RT:proceed=True,path=True,locked=True,cancel=False;1RT-22T:missing;2RT-22T:missing	nt-approach	295.8185	edge:nt-approach:0:1000	295.743	edge:nt-approach:0:1000	295.8952	edge:nt-approach:0:1000:AtoB
2500	37.4999991618097	11.28974	nt-approach	491.8976	edge:nt-approach:0:1000	491.8139	edge:nt-approach:0:1000	491.9833	AtoB	True	True	True	True	True	43237.4849991621	edge:nt-approach:0:1000:AtoB	True	edge:nt-approach:0:1000,edge:nt-approach:1000:1020,edge:nt-main:0:100,edge:nt-main:100:380	281	True	120	False	False	True	True	True	21T-1RT:missing;21T-2RT:proceed=True,path=True,locked=True,cancel=False;1RT-22T:missing;2RT-22T:missing	nt-approach	311.8976	edge:nt-approach:0:1000	311.8135	edge:nt-approach:0:1000	311.9828	edge:nt-approach:0:1000:AtoB
2600	38.9999991282821	12.4316	nt-approach	509.6881	edge:nt-approach:0:1000	509.5959	edge:nt-approach:0:1000	509.7824	AtoB	True	True	True	True	True	43238.9849991286	edge:nt-approach:0:1000:AtoB	True	edge:nt-approach:0:1000,edge:nt-approach:1000:1020,edge:nt-main:0:100,edge:nt-main:100:380	281	True	119.7357	False	False	True	True	True	21T-1RT:missing;21T-2RT:proceed=True,path=True,locked=True,cancel=False;1RT-22T:missing;2RT-22T:missing	nt-approach	329.6881	edge:nt-approach:0:1000	329.5955	edge:nt-approach:0:1000	329.782	edge:nt-approach:0:1000:AtoB
2700	40.4999990947545	13.57139	nt-approach	529.1921	edge:nt-approach:0:1000	529.0912	edge:nt-approach:0:1000	529.2948	AtoB	True	True	True	True	True	43240.4849990951	edge:nt-approach:0:1000:AtoB	True	edge:nt-approach:0:1000,edge:nt-approach:1000:1020,edge:nt-main:0:100,edge:nt-main:100:380	281	True	118.2526	False	False	True	True	True	21T-1RT:missing;21T-2RT:proceed=True,path=True,locked=True,cancel=False;1RT-22T:missing;2RT-22T:missing	nt-approach	349.1921	edge:nt-approach:0:1000	349.0908	edge:nt-approach:0:1000	349.2943	edge:nt-approach:0:1000:AtoB
2800	41.9999990612268	14.70844	nt-approach	550.4017	edge:nt-approach:0:1000	550.2922	edge:nt-approach:0:1000	550.5129	AtoB	True	True	True	True	True	43241.9849990616	edge:nt-approach:0:1000:AtoB	True	edge:nt-approach:0:1000,edge:nt-approach:1000:1020,edge:nt-main:0:100,edge:nt-main:100:380	281	True	116.6134	False	False	True	True	True	21T-1RT:missing;21T-2RT:proceed=True,path=True,locked=True,cancel=False;1RT-22T:missing;2RT-22T:missing	nt-approach	370.4017	edge:nt-approach:0:1000	370.2919	edge:nt-approach:0:1000	370.5125	edge:nt-approach:0:1000:AtoB
2900	43.4999990276992	15.80372	nt-approach	573.2978	edge:nt-approach:0:1000	573.1802	edge:nt-approach:0:1000	573.4173	AtoB	True	True	True	True	True	43243.484999028	edge:nt-approach:0:1000:AtoB	True	edge:nt-approach:0:1000,edge:nt-approach:1000:1020,edge:nt-main:0:100,edge:nt-main:100:380	281	True	114.8178	False	False	True	True	True	21T-1RT:missing;21T-2RT:proceed=True,path=True,locked=True,cancel=False;1RT-22T:missing;2RT-22T:missing	nt-approach	393.2978	edge:nt-approach:0:1000	393.1797	edge:nt-approach:0:1000	393.4168	edge:nt-approach:0:1000:AtoB
3000	44.9999989941716	16.8213	nt-approach	597.7751	edge:nt-approach:0:1000	597.65	edge:nt-approach:0:1000	597.9023	AtoB	True	True	True	True	True	43244.9849989945	edge:nt-approach:0:1000:AtoB	True	edge:nt-approach:0:1000,edge:nt-approach:1000:1020,edge:nt-main:0:100,edge:nt-main:100:380	281	True	112.8666	False	False	True	True	True	21T-1RT:missing;21T-2RT:proceed=True,path=True,locked=True,cancel=False;1RT-22T:missing;2RT-22T:missing	nt-approach	417.7751	edge:nt-approach:0:1000	417.6494	edge:nt-approach:0:1000	417.9017	edge:nt-approach:0:1000:AtoB
3100	46.499998960644	17.7767	nt-approach	623.731	edge:nt-approach:0:1000	623.5991	edge:nt-approach:0:1000	623.8657	AtoB	True	True	True	True	True	43246.484998961	edge:nt-approach:0:1000:AtoB	True	edge:nt-approach:0:1000,edge:nt-approach:1000:1020,edge:nt-main:0:100,edge:nt-main:100:380	281	True	110.76	False	False	True	True	True	21T-1RT:missing;21T-2RT:proceed=True,path=True,locked=True,cancel=False;1RT-22T:missing;2RT-22T:missing	nt-approach	443.731	edge:nt-approach:0:1000	443.5984	edge:nt-approach:0:1000	443.865	edge:nt-approach:0:1000:AtoB
3200	47.9999989271164	18.67723	nt-approach	651.0777	edge:nt-approach:0:1000	650.939	edge:nt-approach:0:1000	651.2191	AtoB	True	True	True	True	True	43247.9849989275	edge:nt-approach:0:1000:AtoB	True	edge:nt-approach:0:1000,edge:nt-approach:1000:1020,edge:nt-main:0:100,edge:nt-main:100:380	281	True	108.4965	False	False	True	True	True	21T-1RT:missing;21T-2RT:proceed=True,path=True,locked=True,cancel=False;1RT-22T:missing;2RT-22T:missing	nt-approach	471.0777	edge:nt-approach:0:1000	470.9382	edge:nt-approach:0:1000	471.2184	edge:nt-approach:0:1000:AtoB
3300	49.4999988935888	19.53255	nt-approach	679.7399	edge:nt-approach:0:1000	679.5946	edge:nt-approach:0:1000	679.8876	AtoB	True	True	True	True	True	43249.4849988939	edge:nt-approach:0:1000:AtoB	True	edge:nt-approach:0:1000,edge:nt-approach:1000:1020,edge:nt-main:0:100,edge:nt-main:100:380	281	True	106.0722	False	False	True	True	True	21T-1RT:missing;21T-2RT:proceed=True,path=True,locked=True,cancel=False;1RT-22T:missing;2RT-22T:missing	nt-approach	499.7399	edge:nt-approach:0:1000	499.5939	edge:nt-approach:0:1000	499.8869	edge:nt-approach:0:1000:AtoB
3400	50.9999988600612	20.34884	nt-approach	709.6559	edge:nt-approach:0:1000	709.5045	edge:nt-approach:0:1000	709.8097	AtoB	True	True	True	True	True	43250.9849988604	edge:nt-approach:0:1000:AtoB	True	edge:nt-approach:0:1000,edge:nt-approach:1000:1020,edge:nt-main:0:100,edge:nt-main:100:380	281	True	103.4815	False	False	True	True	True	21T-1RT:missing;21T-2RT:proceed=True,path=True,locked=True,cancel=False;1RT-22T:missing;2RT-22T:missing	nt-approach	529.6559	edge:nt-approach:0:1000	529.5038	edge:nt-approach:0:1000	529.809	edge:nt-approach:0:1000:AtoB
3500	52.4999988265336	21.13031	nt-approach	740.7697	edge:nt-approach:0:1000	740.6122	edge:nt-approach:0:1000	740.9292	AtoB	True	True	True	True	True	43252.4849988269	edge:nt-approach:0:1000:AtoB	True	edge:nt-approach:0:1000,edge:nt-approach:1000:1020,edge:nt-main:0:100,edge:nt-main:100:380	281	True	100.7163	False	False	True	True	True	21T-1RT:missing;21T-2RT:proceed=True,path=True,locked=True,cancel=False;1RT-22T:missing;2RT-22T:missing	nt-approach	560.7697	edge:nt-approach:0:1000	560.6116	edge:nt-approach:0:1000	560.9285	edge:nt-approach:0:1000:AtoB
3600	53.9999987930059	21.87949	nt-approach	773.031	edge:nt-approach:0:1000	772.8679	edge:nt-approach:0:1000	773.1961	AtoB	True	True	True	True	True	43253.9849987933	edge:nt-approach:0:1000:AtoB	True	edge:nt-approach:0:1000,edge:nt-approach:1000:1020,edge:nt-main:0:100,edge:nt-main:100:380	281	True	97.76672	False	False	True	True	True	21T-1RT:missing;21T-2RT:proceed=True,path=True,locked=True,cancel=False;1RT-22T:missing;2RT-22T:missing	nt-approach	593.031	edge:nt-approach:0:1000	592.8672	edge:nt-approach:0:1000	593.1954	edge:nt-approach:0:1000:AtoB
3700	55.4999987594783	22.60017	nt-approach	806.394	edge:nt-approach:0:1000	806.2255	edge:nt-approach:0:1000	806.5645	AtoB	True	True	True	True	True	43255.4849987598	edge:nt-approach:0:1000:AtoB	True	edge:nt-approach:0:1000,edge:nt-approach:1000:1020,edge:nt-main:0:100,edge:nt-main:100:380	281	True	94.61974	False	False	True	True	True	21T-1RT:missing;21T-2RT:proceed=True,path=True,locked=True,cancel=False;1RT-22T:missing;2RT-22T:missing	nt-approach	626.394	edge:nt-approach:0:1000	626.2249	edge:nt-approach:0:1000	626.5638	edge:nt-approach:0:1000:AtoB
3800	56.9999987259507	23.29574	nt-approach	840.819	edge:nt-approach:0:1000	840.6452	edge:nt-approach:0:1000	840.9946	AtoB	True	True	True	True	True	43256.9849987263	edge:nt-approach:0:1000:AtoB	True	edge:nt-approach:0:1000,edge:nt-approach:1000:1020,edge:nt-main:0:100,edge:nt-main:100:380	281	True	91.25894	False	False	True	True	True	21T-1RT:missing;21T-2RT:proceed=True,path=True,locked=True,cancel=False;1RT-22T:missing;2RT-22T:missing	nt-approach	660.819	edge:nt-approach:0:1000	660.6445	edge:nt-approach:0:1000	660.994	edge:nt-approach:0:1000:AtoB
3900	58.4999986924231	23.96834	nt-approach	876.2695	edge:nt-approach:0:1000	876.0911	edge:nt-approach:0:1000	876.4506	AtoB	True	True	True	True	True	43258.4849986928	edge:nt-approach:0:1000:AtoB	True	edge:nt-approach:0:1000,edge:nt-approach:1000:1020,edge:nt-main:0:100,edge:nt-main:100:380	281	True	87.66345	False	False	True	True	True	21T-1RT:missing;21T-2RT:proceed=True,path=True,locked=True,cancel=False;1RT-22T:missing;2RT-22T:missing	nt-approach	696.2695	edge:nt-approach:0:1000	696.0905	edge:nt-approach:0:1000	696.45	edge:nt-approach:0:1000:AtoB
4000	59.9999986588955	24.0365	nt-approach	912.4905	edge:nt-approach:0:1000	912.3113	edge:nt-approach:0:1000	912.6719	AtoB	True	True	True	True	True	43259.9849986592	edge:nt-approach:0:1000:AtoB	True	edge:nt-approach:0:1000,edge:nt-approach:1000:1020,edge:nt-main:0:100,edge:nt-main:100:380	281	True	83.83127	False	False	True	True	True	21T-1RT:missing;21T-2RT:proceed=True,path=True,locked=True,cancel=False;1RT-22T:missing;2RT-22T:missing	nt-approach	732.4905	edge:nt-approach:0:1000	732.3107	edge:nt-approach:0:1000	732.6712	edge:nt-approach:0:1000:AtoB
4100	61.4999986253679	22.94835	nt-approach	947.794	edge:nt-approach:0:1000	947.623	edge:nt-approach:0:1000	947.9672	AtoB	True	True	True	True	True	43261.4849986257	edge:nt-approach:0:1000:AtoB	True	edge:nt-approach:0:1000,edge:nt-approach:1000:1020,edge:nt-main:0:100,edge:nt-main:100:380	281	True	79.92047	False	False	True	True	True	21T-1RT:missing;21T-2RT:proceed=True,path=True,locked=True,cancel=False;1RT-22T:missing;2RT-22T:missing	nt-approach	767.794	edge:nt-approach:0:1000	767.6223	edge:nt-approach:0:1000	767.9666	edge:nt-approach:0:1000:AtoB
4200	62.9999985918403	21.61195	nt-approach	981.2145	edge:nt-approach:0:1000	981.0535	edge:nt-approach:0:1000	981.3776	AtoB	True	True	True	True	True	43262.9849985922	edge:nt-approach:0:1000:AtoB	True	edge:nt-approach:0:1000,edge:nt-approach:1000:1020,edge:nt-main:0:100,edge:nt-main:100:380	281	True	76.03345	False	False	True	True	True	21T-1RT:missing;21T-2RT:proceed=True,path=True,locked=True,cancel=False;1RT-22T:missing;2RT-22T:missing	nt-approach	801.2145	edge:nt-approach:0:1000	801.0528	edge:nt-approach:0:1000	801.377	edge:nt-approach:0:1000:AtoB
4228	63.4199985824525	21.25148	nt-approach	990.2148	edge:nt-approach:0:1000	990.0565	edge:nt-approach:0:1000	990.3752	AtoB	True	True	True	True	True	43263.4049985828	edge:nt-approach:0:1000:AtoB	True	edge:nt-approach:0:1000,edge:nt-approach:1000:1020,edge:nt-main:0:100,edge:nt-main:100:380	281	True	74.9522	False	False	True	True	True	21T-1RT:missing;21T-2RT:proceed=True,path=True,locked=True,cancel=False;1RT-22T:missing;2RT-22T:missing	nt-approach	810.2148	edge:nt-approach:0:1000	810.0558	edge:nt-approach:0:1000	810.3746	edge:nt-approach:0:1000:AtoB
4229	63.4349985821173	21.23891	nt-approach	990.5334	edge:nt-approach:0:1000	990.3752	edge:nt-approach:0:1000	990.6938	AtoB	True	True	True	True	True	43263.4199985825	edge:nt-approach:0:1000:AtoB	True	edge:nt-approach:0:1000,edge:nt-approach:1000:1020,edge:nt-main:0:100,edge:nt-main:100:380	281	True	74.91364	False	False	True	True	True	21T-1RT:missing;21T-2RT:proceed=True,path=True,locked=True,cancel=False;1RT-22T:missing;2RT-22T:missing	nt-approach	810.5334	edge:nt-approach:0:1000	810.3746	edge:nt-approach:0:1000	810.6932	edge:nt-approach:0:1000:AtoB
4230	63.449998581782	21.22633	nt-approach	990.8519	edge:nt-approach:0:1000	990.6938	edge:nt-approach:0:1000	991.0123	AtoB	True	True	True	True	True	43263.4349985821	edge:nt-approach:0:1000:AtoB	True	edge:nt-approach:0:1000,edge:nt-approach:1000:1020,edge:nt-main:0:100,edge:nt-main:100:380	281	True	74.87507	False	False	True	True	True	21T-1RT:missing;21T-2RT:proceed=True,path=True,locked=True,cancel=False;1RT-22T:missing;2RT-22T:missing	nt-approach	810.8519	edge:nt-approach:0:1000	810.6932	edge:nt-approach:0:1000	811.0116	edge:nt-approach:0:1000:AtoB
4231	63.4649985814467	21.21374	nt-approach	991.1702	edge:nt-approach:0:1000	991.0123	edge:nt-approach:0:1000	991.3304	AtoB	True	True	True	True	True	43263.4499985818	edge:nt-approach:0:1000:AtoB	True	edge:nt-approach:0:1000,edge:nt-approach:1000:1020,edge:nt-main:0:100,edge:nt-main:100:380	281	True	74.8365	False	False	True	True	True	21T-1RT:missing;21T-2RT:proceed=True,path=True,locked=True,cancel=False;1RT-22T:missing;2RT-22T:missing	nt-approach	811.1702	edge:nt-approach:0:1000	811.0116	edge:nt-approach:0:1000	811.3298	edge:nt-approach:0:1000:AtoB
4232	63.4799985811114	21.20114	nt-approach	991.4883	edge:nt-approach:0:1000	991.3304	edge:nt-approach:0:1000	991.6484	AtoB	True	True	True	True	True	43263.4649985814	edge:nt-approach:0:1000:AtoB	True	edge:nt-approach:0:1000,edge:nt-approach:1000:1020,edge:nt-main:0:100,edge:nt-main:100:380	281	True	74.79794	False	False	True	True	True	21T-1RT:missing;21T-2RT:proceed=True,path=True,locked=True,cancel=False;1RT-22T:missing;2RT-22T:missing	nt-approach	811.4883	edge:nt-approach:0:1000	811.3298	edge:nt-approach:0:1000	811.6478	edge:nt-approach:0:1000:AtoB
4233	63.4949985807762	21.18853	nt-approach	991.8063	edge:nt-approach:0:1000	991.6484	edge:nt-approach:0:1000	991.9662	AtoB	True	True	True	True	True	43263.4799985811	edge:nt-approach:0:1000:AtoB	True	edge:nt-approach:0:1000,edge:nt-approach:1000:1020,edge:nt-main:0:100,edge:nt-main:100:380	281	True	74.75938	False	False	True	True	True	21T-1RT:missing;21T-2RT:proceed=True,path=True,locked=True,cancel=False;1RT-22T:missing;2RT-22T:missing	nt-approach	811.8063	edge:nt-approach:0:1000	811.6478	edge:nt-approach:0:1000	811.9656	edge:nt-approach:0:1000:AtoB
4234	63.5099985804409	21.17591	nt-approach	992.124	edge:nt-approach:0:1000	991.9662	edge:nt-approach:0:1000	992.2839	AtoB	True	True	True	True	True	43263.4949985808	edge:nt-approach:0:1000:AtoB	True	edge:nt-approach:0:1000,edge:nt-approach:1000:1020,edge:nt-main:0:100,edge:nt-main:100:380	281	True	74.72084	False	False	True	True	True	21T-1RT:missing;21T-2RT:proceed=True,path=True,locked=True,cancel=False;1RT-22T:missing;2RT-22T:missing	nt-approach	812.124	edge:nt-approach:0:1000	811.9656	edge:nt-approach:0:1000	812.2832	edge:nt-approach:0:1000:AtoB
4235	63.5249985801056	21.16336	nt-approach	992.4416	edge:nt-approach:0:1000	992.2839	edge:nt-approach:0:1000	992.6013	AtoB	True	True	True	True	True	43263.5099985804	edge:nt-approach:0:1000:AtoB	True	edge:nt-approach:0:1000,edge:nt-approach:1000:1020,edge:nt-main:0:100,edge:nt-main:100:380	281	True	74.68228	False	False	True	True	True	21T-1RT:missing;21T-2RT:proceed=True,path=True,locked=True,cancel=False;1RT-22T:missing;2RT-22T:missing	nt-approach	812.4416	edge:nt-approach:0:1000	812.2832	edge:nt-approach:0:1000	812.6006	edge:nt-approach:0:1000:AtoB
4236	63.5399985797703	21.15083	nt-approach	992.759	edge:nt-approach:0:1000	992.6013	edge:nt-approach:0:1000	992.9186	AtoB	True	True	True	True	True	43263.5249985801	edge:nt-approach:0:1000:AtoB	True	edge:nt-approach:0:1000,edge:nt-approach:1000:1020,edge:nt-main:0:100,edge:nt-main:100:380	281	True	74.64374	False	False	True	True	True	21T-1RT:missing;21T-2RT:proceed=True,path=True,locked=True,cancel=False;1RT-22T:missing;2RT-22T:missing	nt-approach	812.759	edge:nt-approach:0:1000	812.6006	edge:nt-approach:0:1000	812.9179	edge:nt-approach:0:1000:AtoB
4237	63.5549985794351	21.13829	nt-approach	993.0761	edge:nt-approach:0:1000	992.9186	edge:nt-approach:0:1000	993.2357	AtoB	True	True	True	True	True	43263.5399985798	edge:nt-approach:0:1000:AtoB	True	edge:nt-approach:0:1000,edge:nt-approach:1000:1020,edge:nt-main:0:100,edge:nt-main:100:380	281	True	74.60519	False	False	True	True	True	21T-1RT:missing;21T-2RT:proceed=True,path=True,locked=True,cancel=False;1RT-22T:missing;2RT-22T:missing	nt-approach	813.0761	edge:nt-approach:0:1000	812.9179	edge:nt-approach:0:1000	813.235	edge:nt-approach:0:1000:AtoB
4238	63.5699985790998	21.12574	nt-approach	993.3931	edge:nt-approach:0:1000	993.2357	edge:nt-approach:0:1000	993.5526	AtoB	True	True	True	True	True	43263.5549985794	edge:nt-approach:0:1000:AtoB	True	edge:nt-approach:0:1000,edge:nt-approach:1000:1020,edge:nt-main:0:100,edge:nt-main:100:380	281	True	74.56664	False	False	True	True	True	21T-1RT:missing;21T-2RT:proceed=True,path=True,locked=True,cancel=False;1RT-22T:missing;2RT-22T:missing	nt-approach	813.3931	edge:nt-approach:0:1000	813.235	edge:nt-approach:0:1000	813.5519	edge:nt-approach:0:1000:AtoB
4239	63.5849985787645	21.11318	nt-approach	993.7098	edge:nt-approach:0:1000	993.5526	edge:nt-approach:0:1000	993.8693	AtoB	True	True	True	True	True	43263.5699985791	edge:nt-approach:0:1000:AtoB	True	edge:nt-approach:0:1000,edge:nt-approach:1000:1020,edge:nt-main:0:100,edge:nt-main:100:380	281	True	74.52811	False	False	True	True	True	21T-1RT:missing;21T-2RT:proceed=True,path=True,locked=True,cancel=False;1RT-22T:missing;2RT-22T:missing	nt-approach	813.7098	edge:nt-approach:0:1000	813.5519	edge:nt-approach:0:1000	813.8686	edge:nt-approach:0:1000:AtoB
4240	63.5999985784292	21.10061	nt-approach	994.0264	edge:nt-approach:0:1000	993.8693	edge:nt-approach:0:1000	994.1858	AtoB	True	True	True	True	True	43263.5849985788	edge:nt-approach:0:1000:AtoB	True	edge:nt-approach:0:1000,edge:nt-approach:1000:1020,edge:nt-main:0:100,edge:nt-main:100:380	281	True	74.48956	False	False	True	True	True	21T-1RT:missing;21T-2RT:proceed=True,path=True,locked=True,cancel=False;1RT-22T:missing;2RT-22T:missing	nt-approach	814.0264	edge:nt-approach:0:1000	813.8686	edge:nt-approach:0:1000	814.1851	edge:nt-approach:0:1000:AtoB
4241	63.6149985780939	21.08803	nt-approach	994.3428	edge:nt-approach:0:1000	994.1858	edge:nt-approach:0:1000	994.5021	AtoB	True	True	True	True	True	43263.5999985784	edge:nt-approach:0:1000:AtoB	True	edge:nt-approach:0:1000,edge:nt-approach:1000:1020,edge:nt-main:0:100,edge:nt-main:100:380	281	True	74.45103	False	False	True	True	True	21T-1RT:missing;21T-2RT:proceed=True,path=True,locked=True,cancel=False;1RT-22T:missing;2RT-22T:missing	nt-approach	814.3428	edge:nt-approach:0:1000	814.1851	edge:nt-approach:0:1000	814.5015	edge:nt-approach:0:1000:AtoB
4242	63.6299985777587	21.07544	nt-approach	994.6591	edge:nt-approach:0:1000	994.5021	edge:nt-approach:0:1000	994.8183	AtoB	True	True	True	True	True	43263.6149985781	edge:nt-approach:0:1000:AtoB	True	edge:nt-approach:0:1000,edge:nt-approach:1000:1020,edge:nt-main:0:100,edge:nt-main:100:380	281	True	74.41249	False	False	True	True	True	21T-1RT:missing;21T-2RT:proceed=True,path=True,locked=True,cancel=False;1RT-22T:missing;2RT-22T:missing	nt-approach	814.6591	edge:nt-approach:0:1000	814.5015	edge:nt-approach:0:1000	814.8176	edge:nt-approach:0:1000:AtoB
4243	63.6449985774234	21.0629	nt-approach	994.9751	edge:nt-approach:0:1000	994.8183	edge:nt-approach:0:1000	995.1342	AtoB	True	True	True	True	True	43263.6299985778	edge:nt-approach:0:1000:AtoB	True	edge:nt-approach:0:1000,edge:nt-approach:1000:1020,edge:nt-main:0:100,edge:nt-main:100:380	281	True	74.37396	False	False	True	True	True	21T-1RT:missing;21T-2RT:proceed=True,path=True,locked=True,cancel=False;1RT-22T:missing;2RT-22T:missing	nt-approach	814.9751	edge:nt-approach:0:1000	814.8176	edge:nt-approach:0:1000	815.1335	edge:nt-approach:0:1000:AtoB
4244	63.6599985770881	21.05035	nt-approach	995.291	edge:nt-approach:0:1000	995.1342	edge:nt-approach:0:1000	995.45	AtoB	True	True	True	True	True	43263.6449985774	edge:nt-approach:0:1000:AtoB	True	edge:nt-approach:0:1000,edge:nt-approach:1000:1020,edge:nt-main:0:100,edge:nt-main:100:380	281	True	74.33544	False	False	True	True	True	21T-1RT:missing;21T-2RT:proceed=True,path=True,locked=True,cancel=False;1RT-22T:missing;2RT-22T:missing	nt-approach	815.291	edge:nt-approach:0:1000	815.1335	edge:nt-approach:0:1000	815.4493	edge:nt-approach:0:1000:AtoB
4245	63.6749985767528	21.0378	nt-approach	995.6066	edge:nt-approach:0:1000	995.45	edge:nt-approach:0:1000	995.7655	AtoB	True	True	True	True	True	43263.6599985771	edge:nt-approach:0:1000:AtoB	True	edge:nt-approach:0:1000,edge:nt-approach:1000:1020,edge:nt-main:0:100,edge:nt-main:100:380	281	True	74.29692	False	False	True	True	True	21T-1RT:missing;21T-2RT:proceed=True,path=True,locked=True,cancel=False;1RT-22T:missing;2RT-22T:missing	nt-approach	815.6066	edge:nt-approach:0:1000	815.4493	edge:nt-approach:0:1000	815.7648	edge:nt-approach:0:1000:AtoB
4246	63.6899985764176	21.02523	nt-approach	995.9221	edge:nt-approach:0:1000	995.7655	edge:nt-approach:0:1000	996.0809	AtoB	True	True	True	True	True	43263.6749985768	edge:nt-approach:0:1000:AtoB	True	edge:nt-approach:0:1000,edge:nt-approach:1000:1020,edge:nt-main:0:100,edge:nt-main:100:380	281	True	74.2584	False	False	True	True	True	21T-1RT:missing;21T-2RT:proceed=True,path=True,locked=True,cancel=False;1RT-22T:missing;2RT-22T:missing	nt-approach	815.9221	edge:nt-approach:0:1000	815.7648	edge:nt-approach:0:1000	816.0802	edge:nt-approach:0:1000:AtoB
4247	63.7049985760823	21.01265	nt-approach	996.2374	edge:nt-approach:0:1000	996.0809	edge:nt-approach:0:1000	996.3961	AtoB	True	True	True	True	True	43263.6899985764	edge:nt-approach:0:1000:AtoB	True	edge:nt-approach:0:1000,edge:nt-approach:1000:1020,edge:nt-main:0:100,edge:nt-main:100:380	281	True	74.21989	False	False	True	True	True	21T-1RT:missing;21T-2RT:proceed=True,path=True,locked=True,cancel=False;1RT-22T:missing;2RT-22T:missing	nt-approach	816.2374	edge:nt-approach:0:1000	816.0802	edge:nt-approach:0:1000	816.3954	edge:nt-approach:0:1000:AtoB
4248	63.719998575747	21.00006	nt-approach	996.5526	edge:nt-approach:0:1000	996.3961	edge:nt-approach:0:1000	996.7111	AtoB	True	True	True	True	True	43263.7049985761	edge:nt-approach:0:1000:AtoB	True	edge:nt-approach:0:1000,edge:nt-approach:1000:1020,edge:nt-main:0:100,edge:nt-main:100:380	281	True	74.18137	False	False	True	True	True	21T-1RT:missing;21T-2RT:proceed=True,path=True,locked=True,cancel=False;1RT-22T:missing;2RT-22T:missing	nt-approach	816.5526	edge:nt-approach:0:1000	816.3954	edge:nt-approach:0:1000	816.7104	edge:nt-approach:0:1000:AtoB
4249	63.7349985754117	20.98753	nt-approach	996.8674	edge:nt-approach:0:1000	996.7111	edge:nt-approach:0:1000	997.0259	AtoB	True	True	True	True	True	43263.7199985757	edge:nt-approach:0:1000:AtoB	True	edge:nt-approach:0:1000,edge:nt-approach:1000:1020,edge:nt-main:0:100,edge:nt-main:100:380	281	True	74.14287	False	False	True	True	True	21T-1RT:missing;21T-2RT:proceed=True,path=True,locked=True,cancel=False;1RT-22T:missing;2RT-22T:missing	nt-approach	816.8674	edge:nt-approach:0:1000	816.7104	edge:nt-approach:0:1000	817.0252	edge:nt-approach:0:1000:AtoB
4250	63.7499985750765	20.97498	nt-approach	997.1821	edge:nt-approach:0:1000	997.0259	edge:nt-approach:0:1000	997.3405	AtoB	True	True	True	True	True	43263.7349985754	edge:nt-approach:0:1000:AtoB	True	edge:nt-approach:0:1000,edge:nt-approach:1000:1020,edge:nt-main:0:100,edge:nt-main:100:380	281	True	74.10435	False	False	True	True	True	21T-1RT:missing;21T-2RT:proceed=True,path=True,locked=True,cancel=False;1RT-22T:missing;2RT-22T:missing	nt-approach	817.1821	edge:nt-approach:0:1000	817.0252	edge:nt-approach:0:1000	817.3398	edge:nt-approach:0:1000:AtoB
4251	63.7649985747412	20.96246	nt-approach	997.4966	edge:nt-approach:0:1000	997.3405	edge:nt-approach:0:1000	997.655	AtoB	True	True	True	True	True	43263.7499985751	edge:nt-approach:0:1000:AtoB	True	edge:nt-approach:0:1000,edge:nt-approach:1000:1020,edge:nt-main:0:100,edge:nt-main:100:380	281	True	74.06586	False	False	True	True	True	21T-1RT:missing;21T-2RT:proceed=True,path=True,locked=True,cancel=False;1RT-22T:missing;2RT-22T:missing	nt-approach	817.4966	edge:nt-approach:0:1000	817.3398	edge:nt-approach:0:1000	817.6543	edge:nt-approach:0:1000:AtoB
4252	63.7799985744059	20.94994	nt-approach	997.811	edge:nt-approach:0:1000	997.655	edge:nt-approach:0:1000	997.9692	AtoB	True	True	True	True	True	43263.7649985747	edge:nt-approach:0:1000:AtoB	True	edge:nt-approach:0:1000,edge:nt-approach:1000:1020,edge:nt-main:0:100,edge:nt-main:100:380	281	True	74.02734	False	False	True	True	True	21T-1RT:missing;21T-2RT:proceed=True,path=True,locked=True,cancel=False;1RT-22T:missing;2RT-22T:missing	nt-approach	817.811	edge:nt-approach:0:1000	817.6543	edge:nt-approach:0:1000	817.9686	edge:nt-approach:0:1000:AtoB
4253	63.7949985740706	20.9374	nt-approach	998.1251	edge:nt-approach:0:1000	997.9692	edge:nt-approach:0:1000	998.2833	AtoB	True	True	True	True	True	43263.7799985744	edge:nt-approach:0:1000:AtoB	True	edge:nt-approach:0:1000,edge:nt-approach:1000:1020,edge:nt-main:0:100,edge:nt-main:100:380	281	True	73.98885	False	False	True	True	True	21T-1RT:missing;21T-2RT:proceed=True,path=True,locked=True,cancel=False;1RT-22T:missing;2RT-22T:missing	nt-approach	818.1251	edge:nt-approach:0:1000	817.9686	edge:nt-approach:0:1000	818.2827	edge:nt-approach:0:1000:AtoB
4254	63.8099985737354	20.92485	nt-approach	998.4391	edge:nt-approach:0:1000	998.2833	edge:nt-approach:0:1000	998.5972	AtoB	True	True	True	True	True	43263.7949985741	edge:nt-approach:0:1000:AtoB	True	edge:nt-approach:0:1000,edge:nt-approach:1000:1020,edge:nt-main:0:100,edge:nt-main:100:380	281	True	73.95036	False	False	True	True	True	21T-1RT:missing;21T-2RT:proceed=True,path=True,locked=True,cancel=False;1RT-22T:missing;2RT-22T:missing	nt-approach	818.4391	edge:nt-approach:0:1000	818.2827	edge:nt-approach:0:1000	818.5965	edge:nt-approach:0:1000:AtoB
4255	63.8249985734001	20.9123	nt-approach	998.7529	edge:nt-approach:0:1000	998.5972	edge:nt-approach:0:1000	998.9108	AtoB	True	True	True	True	True	43263.8099985737	edge:nt-approach:0:1000:AtoB	True	edge:nt-approach:0:1000,edge:nt-approach:1000:1020,edge:nt-main:0:100,edge:nt-main:100:380	281	True	73.91187	False	False	True	True	True	21T-1RT:missing;21T-2RT:proceed=True,path=True,locked=True,cancel=False;1RT-22T:missing;2RT-22T:missing	nt-approach	818.7529	edge:nt-approach:0:1000	818.5965	edge:nt-approach:0:1000	818.9102	edge:nt-approach:0:1000:AtoB
4256	63.8399985730648	20.89973	nt-approach	999.0665	edge:nt-approach:0:1000	998.9108	edge:nt-approach:0:1000	999.2243	AtoB	True	True	True	True	True	43263.8249985734	edge:nt-approach:0:1000:AtoB	True	edge:nt-approach:0:1000,edge:nt-approach:1000:1020,edge:nt-main:0:100,edge:nt-main:100:380	281	True	73.87338	False	False	True	True	True	21T-1RT:missing;21T-2RT:proceed=True,path=True,locked=True,cancel=False;1RT-22T:missing;2RT-22T:missing	nt-approach	819.0665	edge:nt-approach:0:1000	818.9102	edge:nt-approach:0:1000	819.2236	edge:nt-approach:0:1000:AtoB
4257	63.8549985727295	20.88715	nt-approach	999.3799	edge:nt-approach:0:1000	999.2243	edge:nt-approach:0:1000	999.5376	AtoB	True	True	True	True	True	43263.8399985731	edge:nt-approach:0:1000:AtoB	True	edge:nt-approach:0:1000,edge:nt-approach:1000:1020,edge:nt-main:0:100,edge:nt-main:100:380	281	True	73.83489	False	False	True	True	True	21T-1RT:missing;21T-2RT:proceed=True,path=True,locked=True,cancel=False;1RT-22T:missing;2RT-22T:missing	nt-approach	819.3799	edge:nt-approach:0:1000	819.2236	edge:nt-approach:0:1000	819.5369	edge:nt-approach:0:1000:AtoB
4258	63.8699985723943	20.87457	nt-approach	999.6931	edge:nt-approach:0:1000	999.5376	edge:nt-approach:0:1000	999.8507	AtoB	True	True	True	True	True	43263.8549985727	edge:nt-approach:0:1000:AtoB	True	edge:nt-approach:0:1000,edge:nt-approach:1000:1020,edge:nt-main:0:100,edge:nt-main:100:380	281	True	73.79642	False	False	True	True	True	21T-1RT:missing;21T-2RT:proceed=True,path=True,locked=True,cancel=False;1RT-22T:missing;2RT-22T:missing	nt-approach	819.6931	edge:nt-approach:0:1000	819.5369	edge:nt-approach:0:1000	819.85	edge:nt-approach:0:1000:AtoB
4259	63.884998572059	20.86197	nt-approach	1000.006	edge:nt-approach:0:1000	999.8507	edge:nt-approach:1000:1020	0.1636375	AtoB	True	True	True	True	True	43263.8699985724	edge:nt-approach:1000:1020:AtoB,edge:nt-main:0:100:AtoB	True	edge:nt-approach:1000:1020,edge:nt-main:0:100,edge:nt-main:100:380	81	True	73.75793	False	False	True	True	True	21T-1RT:missing;21T-2RT:proceed=True,path=True,locked=True,cancel=False;1RT-22T:missing;2RT-22T:missing	nt-approach	820.0062	edge:nt-approach:0:1000	819.85	edge:nt-approach:0:1000	820.163	edge:nt-approach:0:1000:AtoB
4260	63.8999985717237	20.84936	nt-approach	1000.319	edge:nt-approach:1000:1020	0.1636375	edge:nt-approach:1000:1020	0.476378	AtoB	True	True	True	True	True	43263.8849985721	edge:nt-approach:1000:1020:AtoB,edge:nt-main:0:100:AtoB	True	edge:nt-approach:1000:1020,edge:nt-main:0:100,edge:nt-main:100:380	81	True	73.71946	False	False	True	True	True	21T-1RT:missing;21T-2RT:proceed=True,path=True,locked=True,cancel=False;1RT-22T:missing;2RT-22T:missing	nt-approach	820.319	edge:nt-approach:0:1000	820.163	edge:nt-approach:0:1000	820.4757	edge:nt-approach:0:1000:AtoB
4261	63.9149985713884	20.83675	nt-approach	1000.632	edge:nt-approach:1000:1020	0.476378	edge:nt-approach:1000:1020	0.7889292	AtoB	True	True	True	True	True	43263.8999985717	edge:nt-approach:1000:1020:AtoB,edge:nt-main:0:100:AtoB	True	edge:nt-approach:1000:1020,edge:nt-main:0:100,edge:nt-main:100:380	81	True	73.68099	False	False	True	True	True	21T-1RT:missing;21T-2RT:proceed=True,path=True,locked=True,cancel=False;1RT-22T:missing;2RT-22T:missing	nt-approach	820.6316	edge:nt-approach:0:1000	820.4757	edge:nt-approach:0:1000	820.7883	edge:nt-approach:0:1000:AtoB
4262	63.9299985710531	20.82412	nt-approach	1000.944	edge:nt-approach:1000:1020	0.7889292	edge:nt-approach:1000:1020	1.101291	AtoB	True	True	True	True	True	43263.9149985714	edge:nt-approach:1000:1020:AtoB,edge:nt-main:0:100:AtoB	True	edge:nt-approach:1000:1020,edge:nt-main:0:100,edge:nt-main:100:380	81	True	73.64252	False	False	True	True	True	21T-1RT:missing;21T-2RT:proceed=True,path=True,locked=True,cancel=False;1RT-22T:missing;2RT-22T:missing	nt-approach	820.944	edge:nt-approach:0:1000	820.7883	edge:nt-approach:0:1000	821.1006	edge:nt-approach:0:1000:AtoB
4263	63.9449985707179	20.81154	nt-approach	1001.256	edge:nt-approach:1000:1020	1.101291	edge:nt-approach:1000:1020	1.413464	AtoB	True	True	True	True	True	43263.9299985711	edge:nt-approach:1000:1020:AtoB,edge:nt-main:0:100:AtoB	True	edge:nt-approach:1000:1020,edge:nt-main:0:100,edge:nt-main:100:380	81	True	73.60405	False	False	True	True	True	21T-1RT:missing;21T-2RT:proceed=False,path=True,locked=True,cancel=False;1RT-22T:missing;2RT-22T:missing	nt-approach	821.2563	edge:nt-approach:0:1000	821.1006	edge:nt-approach:0:1000	821.4128	edge:nt-approach:0:1000:AtoB
4264	63.9599985703826	20.79896	nt-approach	1001.568	edge:nt-approach:1000:1020	1.413464	edge:nt-approach:1000:1020	1.725448	AtoB	True	True	True	True	True	43263.9449985707	edge:nt-approach:1000:1020:AtoB,edge:nt-main:0:100:AtoB	True	edge:nt-approach:1000:1020,edge:nt-main:0:100,edge:nt-main:100:380	81	True	73.56559	False	False	True	True	True	21T-1RT:missing;21T-2RT:proceed=False,path=True,locked=True,cancel=False;1RT-22T:missing;2RT-22T:missing	nt-approach	821.5684	edge:nt-approach:0:1000	821.4128	edge:nt-approach:0:1000	821.7249	edge:nt-approach:0:1000:AtoB
4265	63.9749985700473	20.78637	nt-approach	1001.88	edge:nt-approach:1000:1020	1.725448	edge:nt-approach:1000:1020	2.037244	AtoB	True	True	True	True	True	43263.9599985704	edge:nt-approach:1000:1020:AtoB,edge:nt-main:0:100:AtoB	True	edge:nt-approach:1000:1020,edge:nt-main:0:100,edge:nt-main:100:380	81	True	73.52712	False	False	True	True	True	21T-1RT:missing;21T-2RT:proceed=False,path=True,locked=True,cancel=False;1RT-22T:missing;2RT-22T:missing	nt-approach	821.8802	edge:nt-approach:0:1000	821.7249	edge:nt-approach:0:1000	822.0366	edge:nt-approach:0:1000:AtoB
4266	63.989998569712	20.77376	nt-approach	1002.192	edge:nt-approach:1000:1020	2.037244	edge:nt-approach:1000:1020	2.34885	AtoB	True	True	True	True	True	43263.97499857	edge:nt-approach:1000:1020:AtoB,edge:nt-main:0:100:AtoB	True	edge:nt-approach:1000:1020,edge:nt-main:0:100,edge:nt-main:100:380	81	True	73.48867	False	False	True	True	True	21T-1RT:missing;21T-2RT:proceed=False,path=True,locked=True,cancel=False;1RT-22T:missing;2RT-22T:missing	nt-approach	822.192	edge:nt-approach:0:1000	822.0366	edge:nt-approach:0:1000	822.3482	edge:nt-approach:0:1000:AtoB
4267	64.0049985693768	20.76115	nt-approach	1002.503	edge:nt-approach:1000:1020	2.34885	edge:nt-approach:1000:1020	2.660267	AtoB	True	True	True	True	True	43263.9899985697	edge:nt-approach:1000:1020:AtoB,edge:nt-main:0:100:AtoB	True	edge:nt-approach:1000:1020,edge:nt-main:0:100,edge:nt-main:100:380	81	True	73.45021	False	False	True	True	True	21T-1RT:missing;21T-2RT:proceed=False,path=True,locked=True,cancel=False;1RT-22T:missing;2RT-22T:missing	nt-approach	822.5035	edge:nt-approach:0:1000	822.3482	edge:nt-approach:0:1000	822.6596	edge:nt-approach:0:1000:AtoB
4268	64.0199985690415	20.7486	nt-approach	1002.815	edge:nt-approach:1000:1020	2.660267	edge:nt-approach:1000:1020	2.971496	AtoB	True	True	True	True	True	43264.0049985694	edge:nt-approach:1000:1020:AtoB,edge:nt-main:0:100:AtoB	True	edge:nt-approach:1000:1020,edge:nt-main:0:100,edge:nt-main:100:380	81	True	73.41177	False	False	True	True	True	21T-1RT:missing;21T-2RT:proceed=False,path=True,locked=True,cancel=False;1RT-22T:missing;2RT-22T:missing	nt-approach	822.8148	edge:nt-approach:0:1000	822.6596	edge:nt-approach:0:1000	822.9708	edge:nt-approach:0:1000:AtoB
4269	64.0349985687062	20.73608	nt-approach	1003.126	edge:nt-approach:1000:1020	2.971496	edge:nt-approach:1000:1020	3.282537	AtoB	True	True	True	True	True	43264.019998569	edge:nt-approach:1000:1020:AtoB,edge:nt-main:0:100:AtoB	True	edge:nt-approach:1000:1020,edge:nt-main:0:100,edge:nt-main:100:380	81	True	73.37331	False	False	True	True	True	21T-1RT:missing;21T-2RT:proceed=False,path=True,locked=True,cancel=False;1RT-22T:missing;2RT-22T:missing	nt-approach	823.126	edge:nt-approach:0:1000	822.9708	edge:nt-approach:0:1000	823.2819	edge:nt-approach:0:1000:AtoB
4270	64.0499985683709	20.72354	nt-approach	1003.437	edge:nt-approach:1000:1020	3.282537	edge:nt-approach:1000:1020	3.593391	AtoB	True	True	True	True	True	43264.0349985687	edge:nt-approach:1000:1020:AtoB,edge:nt-main:0:100:AtoB	True	edge:nt-approach:1000:1020,edge:nt-main:0:100,edge:nt-main:100:380	81	True	73.33488	False	False	True	True	True	21T-1RT:missing;21T-2RT:proceed=False,path=True,locked=True,cancel=False;1RT-22T:missing;2RT-22T:missing	nt-approach	823.437	edge:nt-approach:0:1000	823.2819	edge:nt-approach:0:1000	823.5927	edge:nt-approach:0:1000:AtoB
4271	64.0649985680357	20.711	nt-approach	1003.748	edge:nt-approach:1000:1020	3.593391	edge:nt-approach:1000:1020	3.904056	AtoB	True	True	True	True	True	43264.0499985684	edge:nt-approach:1000:1020:AtoB,edge:nt-main:0:100:AtoB	True	edge:nt-approach:1000:1020,edge:nt-main:0:100,edge:nt-main:100:380	81	True	73.29643	False	False	True	True	True	21T-1RT:missing;21T-2RT:proceed=False,path=True,locked=True,cancel=False;1RT-22T:missing;2RT-22T:missing	nt-approach	823.7477	edge:nt-approach:0:1000	823.5927	edge:nt-approach:0:1000	823.9034	edge:nt-approach:0:1000:AtoB
4272	64.0799985677004	20.69844	nt-approach	1004.058	edge:nt-approach:1000:1020	3.904056	edge:nt-approach:1000:1020	4.214532	AtoB	True	True	True	True	True	43264.064998568	edge:nt-approach:1000:1020:AtoB,edge:nt-main:0:100:AtoB	True	edge:nt-approach:1000:1020,edge:nt-main:0:100,edge:nt-main:100:380	81	True	73.258	False	False	True	True	True	21T-1RT:missing;21T-2RT:proceed=False,path=True,locked=True,cancel=False;1RT-22T:missing;2RT-22T:missing	nt-approach	824.0582	edge:nt-approach:0:1000	823.9034	edge:nt-approach:0:1000	824.2139	edge:nt-approach:0:1000:AtoB
4273	64.0949985673651	20.68588	nt-approach	1004.369	edge:nt-approach:1000:1020	4.214532	edge:nt-approach:1000:1020	4.52482	AtoB	True	True	True	True	True	43264.0799985677	edge:nt-approach:1000:1020:AtoB,edge:nt-main:0:100:AtoB	True	edge:nt-approach:1000:1020,edge:nt-main:0:100,edge:nt-main:100:380	81	True	73.21957	False	False	True	True	True	21T-1RT:missing;21T-2RT:proceed=False,path=True,locked=True,cancel=False;1RT-22T:missing;2RT-22T:missing	nt-approach	824.3686	edge:nt-approach:0:1000	824.2139	edge:nt-approach:0:1000	824.5242	edge:nt-approach:0:1000:AtoB
4274	64.1099985670298	20.6733	nt-approach	1004.679	edge:nt-approach:1000:1020	4.52482	edge:nt-approach:1000:1020	4.83492	AtoB	True	True	True	True	True	43264.0949985674	edge:nt-approach:1000:1020:AtoB,edge:nt-main:0:100:AtoB	True	edge:nt-approach:1000:1020,edge:nt-main:0:100,edge:nt-main:100:380	81	True	73.18113	False	False	True	True	True	21T-1RT:missing;21T-2RT:proceed=False,path=True,locked=True,cancel=False;1RT-22T:missing;2RT-22T:missing	nt-approach	824.6788	edge:nt-approach:0:1000	824.5242	edge:nt-approach:0:1000	824.8343	edge:nt-approach:0:1000:AtoB
4275	64.1249985666946	20.66072	nt-approach	1004.989	edge:nt-approach:1000:1020	4.83492	edge:nt-approach:1000:1020	5.144831	AtoB	True	True	True	True	True	43264.109998567	edge:nt-approach:1000:1020:AtoB,edge:nt-main:0:100:AtoB	True	edge:nt-approach:1000:1020,edge:nt-main:0:100,edge:nt-main:100:380	81	True	73.1427	False	False	True	True	True	21T-1RT:missing;21T-2RT:proceed=False,path=True,locked=True,cancel=False;1RT-22T:missing;2RT-22T:missing	nt-approach	824.9888	edge:nt-approach:0:1000	824.8343	edge:nt-approach:0:1000	825.1442	edge:nt-approach:0:1000:AtoB
4276	64.1399985663593	20.64812	nt-approach	1005.299	edge:nt-approach:1000:1020	5.144831	edge:nt-approach:1000:1020	5.454553	AtoB	True	True	True	True	True	43264.1249985667	edge:nt-approach:1000:1020:AtoB,edge:nt-main:0:100:AtoB	True	edge:nt-approach:1000:1020,edge:nt-main:0:100,edge:nt-main:100:380	81	True	73.10428	False	False	True	True	True	21T-1RT:missing;21T-2RT:proceed=False,path=True,locked=True,cancel=False;1RT-22T:missing;2RT-22T:missing	nt-approach	825.2986	edge:nt-approach:0:1000	825.1442	edge:nt-approach:0:1000	825.4539	edge:nt-approach:0:1000:AtoB
4277	64.154998566024	20.63558	nt-approach	1005.608	edge:nt-approach:1000:1020	5.454553	edge:nt-approach:1000:1020	5.764086	AtoB	True	True	True	True	True	43264.1399985664	edge:nt-approach:1000:1020:AtoB,edge:nt-main:0:100:AtoB	True	edge:nt-approach:1000:1020,edge:nt-main:0:100,edge:nt-main:100:380	81	True	73.06585	False	False	True	True	True	21T-1RT:missing;21T-2RT:proceed=False,path=True,locked=True,cancel=False;1RT-22T:missing;2RT-22T:missing	nt-approach	825.6082	edge:nt-approach:0:1000	825.4539	edge:nt-approach:0:1000	825.7634	edge:nt-approach:0:1000:AtoB
4278	64.1699985656887	20.62303	nt-approach	1005.918	edge:nt-approach:1000:1020	5.764086	edge:nt-approach:1000:1020	6.073431	AtoB	True	True	True	True	True	43264.154998566	edge:nt-approach:1000:1020:AtoB,edge:nt-main:0:100:AtoB	True	edge:nt-approach:1000:1020,edge:nt-main:0:100,edge:nt-main:100:380	81	True	73.02744	False	False	True	True	True	21T-1RT:missing;21T-2RT:proceed=False,path=True,locked=True,cancel=False;1RT-22T:missing;2RT-22T:missing	nt-approach	825.9177	edge:nt-approach:0:1000	825.7634	edge:nt-approach:0:1000	826.0728	edge:nt-approach:0:1000:AtoB
4279	64.1849985653535	20.61047	nt-approach	1006.227	edge:nt-approach:1000:1020	6.073431	edge:nt-approach:1000:1020	6.382588	AtoB	True	True	True	True	True	43264.1699985657	edge:nt-approach:1000:1020:AtoB,edge:nt-main:0:100:AtoB	True	edge:nt-approach:1000:1020,edge:nt-main:0:100,edge:nt-main:100:380	81	True	72.98901	False	False	True	True	True	21T-1RT:missing;21T-2RT:proceed=False,path=True,locked=True,cancel=False;1RT-22T:missing;2RT-22T:missing	nt-approach	826.2269	edge:nt-approach:0:1000	826.0728	edge:nt-approach:0:1000	826.3819	edge:nt-approach:0:1000:AtoB
4280	64.1999985650182	20.59789	nt-approach	1006.536	edge:nt-approach:1000:1020	6.382588	edge:nt-approach:1000:1020	6.691557	AtoB	True	True	True	True	True	43264.1849985654	edge:nt-approach:1000:1020:AtoB,edge:nt-main:0:100:AtoB	True	edge:nt-approach:1000:1020,edge:nt-main:0:100,edge:nt-main:100:380	81	True	72.95061	False	False	True	True	True	21T-1RT:missing;21T-2RT:proceed=False,path=True,locked=True,cancel=False;1RT-22T:missing;2RT-22T:missing	nt-approach	826.536	edge:nt-approach:0:1000	826.3819	edge:nt-approach:0:1000	826.6909	edge:nt-approach:0:1000:AtoB
4281	64.2149985646829	20.58531	nt-approach	1006.845	edge:nt-approach:1000:1020	6.691557	edge:nt-approach:1000:1020	7.000337	AtoB	True	True	True	True	True	43264.199998565	edge:nt-approach:1000:1020:AtoB,edge:nt-main:0:100:AtoB	True	edge:nt-approach:1000:1020,edge:nt-main:0:100,edge:nt-main:100:380	81	True	72.91219	False	False	True	True	True	21T-1RT:missing;21T-2RT:proceed=False,path=True,locked=True,cancel=False;1RT-22T:missing;2RT-22T:missing	nt-approach	826.8449	edge:nt-approach:0:1000	826.6909	edge:nt-approach:0:1000	826.9996	edge:nt-approach:0:1000:AtoB
4282	64.2299985643476	20.57272	nt-approach	1007.154	edge:nt-approach:1000:1020	7.000337	edge:nt-approach:1000:1020	7.308928	AtoB	True	True	True	True	True	43264.2149985647	edge:nt-approach:1000:1020:AtoB,edge:nt-main:0:100:AtoB	True	edge:nt-approach:1000:1020,edge:nt-main:0:100,edge:nt-main:100:380	81	True	72.87379	False	False	True	True	True	21T-1RT:missing;21T-2RT:proceed=False,path=True,locked=True,cancel=False;1RT-22T:missing;2RT-22T:missing	nt-approach	827.1536	edge:nt-approach:0:1000	826.9996	edge:nt-approach:0:1000	827.3082	edge:nt-approach:0:1000:AtoB
4283	64.2449985640123	20.56012	nt-approach	1007.462	edge:nt-approach:1000:1020	7.308928	edge:nt-approach:1000:1020	7.617329	AtoB	True	True	True	True	True	43264.2299985643	edge:nt-approach:1000:1020:AtoB,edge:nt-main:0:100:AtoB	True	edge:nt-approach:1000:1020,edge:nt-main:0:100,edge:nt-main:100:380	81	True	72.83539	False	False	True	True	True	21T-1RT:missing;21T-2RT:proceed=False,path=True,locked=True,cancel=False;1RT-22T:missing;2RT-22T:missing	nt-approach	827.462	edge:nt-approach:0:1000	827.3082	edge:nt-approach:0:1000	827.6166	edge:nt-approach:0:1000:AtoB
4284	64.2599985636771	20.54757	nt-approach	1007.77	edge:nt-approach:1000:1020	7.617329	edge:nt-approach:1000:1020	7.925543	AtoB	True	True	True	True	True	43264.244998564	edge:nt-approach:1000:1020:AtoB,edge:nt-main:0:100:AtoB	True	edge:nt-approach:1000:1020,edge:nt-main:0:100,edge:nt-main:100:380	81	True	72.79699	False	False	True	True	True	21T-1RT:missing;21T-2RT:proceed=False,path=True,locked=True,cancel=False;1RT-22T:missing;2RT-22T:missing	nt-approach	827.7703	edge:nt-approach:0:1000	827.6166	edge:nt-approach:0:1000	827.9249	edge:nt-approach:0:1000:AtoB
4285	64.2749985633418	20.53506	nt-approach	1008.078	edge:nt-approach:1000:1020	7.925543	edge:nt-approach:1000:1020	8.233568	AtoB	True	True	True	True	True	43264.2599985637	edge:nt-approach:1000:1020:AtoB,edge:nt-main:0:100:AtoB	True	edge:nt-approach:1000:1020,edge:nt-main:0:100,edge:nt-main:100:380	81	True	72.75859	False	False	True	True	True	21T-1RT:missing;21T-2RT:proceed=False,path=True,locked=True,cancel=False;1RT-22T:missing;2RT-22T:missing	nt-approach	828.0784	edge:nt-approach:0:1000	827.9249	edge:nt-approach:0:1000	828.2329	edge:nt-approach:0:1000:AtoB
4286	64.2899985630065	20.52254	nt-approach	1008.386	edge:nt-approach:1000:1020	8.233568	edge:nt-approach:1000:1020	8.541407	AtoB	True	True	True	True	True	43264.2749985633	edge:nt-approach:1000:1020:AtoB,edge:nt-main:0:100:AtoB	True	edge:nt-approach:1000:1020,edge:nt-main:0:100,edge:nt-main:100:380	81	True	72.7202	False	False	True	True	True	21T-1RT:missing;21T-2RT:proceed=False,path=True,locked=True,cancel=False;1RT-22T:missing;2RT-22T:missing	nt-approach	828.3864	edge:nt-approach:0:1000	828.2329	edge:nt-approach:0:1000	828.5408	edge:nt-approach:0:1000:AtoB
4287	64.3049985626712	20.51	nt-approach	1008.694	edge:nt-approach:1000:1020	8.541407	edge:nt-approach:1000:1020	8.849056	AtoB	True	True	True	True	True	43264.289998563	edge:nt-approach:1000:1020:AtoB,edge:nt-main:0:100:AtoB	True	edge:nt-approach:1000:1020,edge:nt-main:0:100,edge:nt-main:100:380	81	True	72.68181	False	False	True	True	True	21T-1RT:missing;21T-2RT:proceed=False,path=True,locked=True,cancel=False;1RT-22T:missing;2RT-22T:missing	nt-approach	828.6941	edge:nt-approach:0:1000	828.5408	edge:nt-approach:0:1000	828.8484	edge:nt-approach:0:1000:AtoB
4288	64.319998562336	20.49746	nt-approach	1009.002	edge:nt-approach:1000:1020	8.849056	edge:nt-approach:1000:1020	9.156518	AtoB	True	True	True	True	True	43264.3049985627	edge:nt-approach:1000:1020:AtoB,edge:nt-main:0:100:AtoB	True	edge:nt-approach:1000:1020,edge:nt-main:0:100,edge:nt-main:100:380	81	True	72.64342	False	False	True	True	True	21T-1RT:missing;21T-2RT:proceed=False,path=True,locked=True,cancel=False;1RT-22T:missing;2RT-22T:missing	nt-approach	829.0016	edge:nt-approach:0:1000	828.8484	edge:nt-approach:0:1000	829.1559	edge:nt-approach:0:1000:AtoB
4289	64.3349985620007	20.48491	nt-approach	1009.309	edge:nt-approach:1000:1020	9.156518	edge:nt-approach:1000:1020	9.463792	AtoB	True	True	True	True	True	43264.3199985623	edge:nt-approach:1000:1020:AtoB,edge:nt-main:0:100:AtoB	True	edge:nt-approach:1000:1020,edge:nt-main:0:100,edge:nt-main:100:380	81	True	72.60503	False	False	True	True	True	21T-1RT:missing;21T-2RT:proceed=False,path=True,locked=True,cancel=False;1RT-22T:missing;2RT-22T:missing	nt-approach	829.309	edge:nt-approach:0:1000	829.1559	edge:nt-approach:0:1000	829.4631	edge:nt-approach:0:1000:AtoB
4290	64.3499985616654	20.47235	nt-approach	1009.616	edge:nt-approach:1000:1020	9.463792	edge:nt-approach:1000:1020	9.770877	AtoB	True	True	True	True	True	43264.334998562	edge:nt-approach:1000:1020:AtoB,edge:nt-main:0:100:AtoB	True	edge:nt-approach:1000:1020,edge:nt-main:0:100,edge:nt-main:100:380	81	True	72.56665	False	False	True	True	True	21T-1RT:missing;21T-2RT:proceed=False,path=True,locked=True,cancel=False;1RT-22T:missing;2RT-22T:missing	nt-approach	829.6162	edge:nt-approach:0:1000	829.4631	edge:nt-approach:0:1000	829.7702	edge:nt-approach:0:1000:AtoB
4291	64.3649985613301	20.45978	nt-approach	1009.923	edge:nt-approach:1000:1020	9.770877	edge:nt-approach:1000:1020	10.07777	AtoB	True	True	True	True	True	43264.3499985617	edge:nt-approach:1000:1020:AtoB,edge:nt-main:0:100:AtoB	True	edge:nt-approach:1000:1020,edge:nt-main:0:100,edge:nt-main:100:380	81	True	72.52827	False	False	True	True	True	21T-1RT:missing;21T-2RT:proceed=False,path=True,locked=True,cancel=False;1RT-22T:missing;2RT-22T:missing	nt-approach	829.9232	edge:nt-approach:0:1000	829.7702	edge:nt-approach:0:1000	830.0771	edge:nt-approach:0:1000:AtoB
4292	64.3799985609949	20.44719	nt-approach	1010.23	edge:nt-approach:1000:1020	10.07777	edge:nt-approach:1000:1020	10.38448	AtoB	True	True	True	True	True	43264.3649985613	edge:nt-approach:1000:1020:AtoB,edge:nt-main:0:100:AtoB	True	edge:nt-approach:1000:1020,edge:nt-main:0:100,edge:nt-main:100:380	81	True	72.48991	False	False	True	True	True	21T-1RT:missing;21T-2RT:proceed=False,path=True,locked=True,cancel=False;1RT-22T:missing;2RT-22T:missing	nt-approach	830.23	edge:nt-approach:0:1000	830.0771	edge:nt-approach:0:1000	830.3838	edge:nt-approach:0:1000:AtoB
4293	64.3949985606596	20.4346	nt-approach	1010.537	edge:nt-approach:1000:1020	10.38448	edge:nt-approach:1000:1020	10.691	AtoB	True	True	True	True	True	43264.379998561	edge:nt-approach:1000:1020:AtoB,edge:nt-main:0:100:AtoB	True	edge:nt-approach:1000:1020,edge:nt-main:0:100,edge:nt-main:100:380	81	True	72.45154	False	False	True	True	True	21T-1RT:missing;21T-2RT:proceed=False,path=True,locked=True,cancel=False;1RT-22T:missing;2RT-22T:missing	nt-approach	830.5367	edge:nt-approach:0:1000	830.3838	edge:nt-approach:0:1000	830.6903	edge:nt-approach:0:1000:AtoB
4294	64.4099985603243	20.422	nt-approach	1010.843	edge:nt-approach:1000:1020	10.691	edge:nt-approach:1000:1020	10.99733	AtoB	True	True	True	True	True	43264.3949985607	edge:nt-approach:1000:1020:AtoB,edge:nt-main:0:100:AtoB	True	edge:nt-approach:1000:1020,edge:nt-main:0:100,edge:nt-main:100:380	81	True	72.41317	False	False	True	True	True	21T-1RT:missing;21T-2RT:proceed=False,path=True,locked=True,cancel=False;1RT-22T:missing;2RT-22T:missing	nt-approach	830.8431	edge:nt-approach:0:1000	830.6903	edge:nt-approach:0:1000	830.9966	edge:nt-approach:0:1000:AtoB
4295	64.424998559989	20.40938	nt-approach	1011.149	edge:nt-approach:1000:1020	10.99733	edge:nt-approach:1000:1020	11.30347	AtoB	True	True	True	True	True	43264.4099985603	edge:nt-approach:1000:1020:AtoB,edge:nt-main:0:100:AtoB	True	edge:nt-approach:1000:1020,edge:nt-main:0:100,edge:nt-main:100:380	81	True	72.3748	False	False	True	True	True	21T-1RT:missing;21T-2RT:proceed=False,path=True,locked=True,cancel=False;1RT-22T:missing;2RT-22T:missing	nt-approach	831.1493	edge:nt-approach:0:1000	830.9966	edge:nt-approach:0:1000	831.3028	edge:nt-approach:0:1000:AtoB
4296	64.4399985596538	20.39676	nt-approach	1011.455	edge:nt-approach:1000:1020	11.30347	edge:nt-approach:1000:1020	11.60942	AtoB	True	True	True	True	True	43264.42499856	edge:nt-approach:1000:1020:AtoB,edge:nt-main:0:100:AtoB	True	edge:nt-approach:1000:1020,edge:nt-main:0:100,edge:nt-main:100:380	81	True	72.33644	False	False	True	True	True	21T-1RT:missing;21T-2RT:proceed=False,path=True,locked=True,cancel=False;1RT-22T:missing;2RT-22T:missing	nt-approach	831.4553	edge:nt-approach:0:1000	831.3028	edge:nt-approach:0:1000	831.6088	edge:nt-approach:0:1000:AtoB
4297	64.4549985593185	20.38412	nt-approach	1011.761	edge:nt-approach:1000:1020	11.60942	edge:nt-approach:1000:1020	11.91518	AtoB	True	True	True	True	True	43264.4399985597	edge:nt-approach:1000:1020:AtoB,edge:nt-main:0:100:AtoB	True	edge:nt-approach:1000:1020,edge:nt-main:0:100,edge:nt-main:100:380	81	True	72.29809	False	False	True	True	True	21T-1RT:missing;21T-2RT:proceed=False,path=True,locked=True,cancel=False;1RT-22T:missing;2RT-22T:missing	nt-approach	831.7612	edge:nt-approach:0:1000	831.6088	edge:nt-approach:0:1000	831.9146	edge:nt-approach:0:1000:AtoB
4298	64.4699985589832	20.37155	nt-approach	1012.067	edge:nt-approach:1000:1020	11.91518	edge:nt-approach:1000:1020	12.22076	AtoB	True	True	True	True	True	43264.4549985593	edge:nt-approach:1000:1020:AtoB,edge:nt-main:0:100:AtoB	True	edge:nt-approach:1000:1020,edge:nt-main:0:100,edge:nt-main:100:380	81	True	72.25973	False	False	True	True	True	21T-1RT:missing;21T-2RT:proceed=False,path=True,locked=True,cancel=False;1RT-22T:missing;2RT-22T:missing	nt-approach	832.0668	edge:nt-approach:0:1000	831.9146	edge:nt-approach:0:1000	832.2202	edge:nt-approach:0:1000:AtoB
4299	64.4849985586479	20.35896	nt-approach	1012.372	edge:nt-approach:1000:1020	12.22076	edge:nt-approach:1000:1020	12.52614	AtoB	True	True	True	True	True	43264.469998559	edge:nt-approach:1000:1020:AtoB,edge:nt-main:0:100:AtoB	True	edge:nt-approach:1000:1020,edge:nt-main:0:100,edge:nt-main:100:380	81	True	72.22138	False	False	True	True	True	21T-1RT:missing;21T-2RT:proceed=False,path=True,locked=True,cancel=False;1RT-22T:missing;2RT-22T:missing	nt-approach	832.3723	edge:nt-approach:0:1000	832.2202	edge:nt-approach:0:1000	832.5255	edge:nt-approach:0:1000:AtoB
4300	64.4999985583127	20.34636	nt-approach	1012.678	edge:nt-approach:1000:1020	12.52614	edge:nt-approach:1000:1020	12.83134	AtoB	True	True	True	True	True	43264.4849985586	edge:nt-approach:1000:1020:AtoB,edge:nt-main:0:100:AtoB	True	edge:nt-approach:1000:1020,edge:nt-main:0:100,edge:nt-main:100:380	81	True	72.18304	False	False	True	True	True	21T-1RT:missing;21T-2RT:proceed=False,path=True,locked=True,cancel=False;1RT-22T:missing;2RT-22T:missing	nt-approach	832.6776	edge:nt-approach:0:1000	832.5255	edge:nt-approach:0:1000	832.8307	edge:nt-approach:0:1000:AtoB
4301	64.5149985579774	20.33382	nt-approach	1012.983	edge:nt-approach:1000:1020	12.83134	edge:nt-approach:1000:1020	13.13634	AtoB	True	True	True	True	True	43264.4999985583	edge:nt-approach:1000:1020:AtoB,edge:nt-main:0:100:AtoB	True	edge:nt-approach:1000:1020,edge:nt-main:0:100,edge:nt-main:100:380	81	True	72.14469	False	False	True	True	True	21T-1RT:missing;21T-2RT:proceed=False,path=True,locked=True,cancel=False;1RT-22T:missing;2RT-22T:missing	nt-approach	832.9827	edge:nt-approach:0:1000	832.8307	edge:nt-approach:0:1000	833.1357	edge:nt-approach:0:1000:AtoB
4302	64.5299985576421	20.32131	nt-approach	1013.288	edge:nt-approach:1000:1020	13.13634	edge:nt-approach:1000:1020	13.44116	AtoB	True	True	True	True	True	43264.514998558	edge:nt-approach:1000:1020:AtoB,edge:nt-main:0:100:AtoB	True	edge:nt-approach:1000:1020,edge:nt-main:0:100,edge:nt-main:100:380	81	True	72.10635	False	False	True	True	True	21T-1RT:missing;21T-2RT:proceed=False,path=True,locked=True,cancel=False;1RT-22T:missing;2RT-22T:missing	nt-approach	833.2877	edge:nt-approach:0:1000	833.1357	edge:nt-approach:0:1000	833.4405	edge:nt-approach:0:1000:AtoB
4303	64.5449985573068	20.30878	nt-approach	1013.592	edge:nt-approach:1000:1020	13.44116	edge:nt-approach:1000:1020	13.7458	AtoB	True	True	True	True	True	43264.5299985576	edge:nt-approach:1000:1020:AtoB,edge:nt-main:0:100:AtoB	True	edge:nt-approach:1000:1020,edge:nt-main:0:100,edge:nt-main:100:380	81	True	72.06801	False	False	True	True	True	21T-1RT:missing;21T-2RT:proceed=False,path=True,locked=True,cancel=False;1RT-22T:missing;2RT-22T:missing	nt-approach	833.5924	edge:nt-approach:0:1000	833.4405	edge:nt-approach:0:1000	833.7451	edge:nt-approach:0:1000:AtoB
4304	64.5599985569715	20.29624	nt-approach	1013.897	edge:nt-approach:1000:1020	13.7458	edge:nt-approach:1000:1020	14.05024	AtoB	True	True	True	True	True	43264.5449985573	edge:nt-approach:1000:1020:AtoB,edge:nt-main:0:100:AtoB	True	edge:nt-approach:1000:1020,edge:nt-main:0:100,edge:nt-main:100:380	81	True	72.02968	False	False	True	True	True	21T-1RT:missing;21T-2RT:proceed=False,path=True,locked=True,cancel=False;1RT-22T:missing;2RT-22T:missing	nt-approach	833.897	edge:nt-approach:0:1000	833.7451	edge:nt-approach:0:1000	834.0496	edge:nt-approach:0:1000:AtoB
4305	64.5749985566363	20.28369	nt-approach	1014.201	edge:nt-approach:1000:1020	14.05024	edge:nt-approach:1000:1020	14.35449	AtoB	True	True	True	True	True	43264.559998557	edge:nt-approach:1000:1020:AtoB,edge:nt-main:0:100:AtoB	True	edge:nt-approach:1000:1020,edge:nt-main:0:100,edge:nt-main:100:380	81	True	71.99135	False	False	True	True	True	21T-1RT:missing;21T-2RT:proceed=False,path=True,locked=True,cancel=False;1RT-22T:missing;2RT-22T:missing	nt-approach	834.2013	edge:nt-approach:0:1000	834.0496	edge:nt-approach:0:1000	834.3538	edge:nt-approach:0:1000:AtoB
4306	64.589998556301	20.27113	nt-approach	1014.505	edge:nt-approach:1000:1020	14.35449	edge:nt-approach:1000:1020	14.65856	AtoB	True	True	True	True	True	43264.5749985566	edge:nt-approach:1000:1020:AtoB,edge:nt-main:0:100:AtoB	True	edge:nt-approach:1000:1020,edge:nt-main:0:100,edge:nt-main:100:380	81	True	71.95302	False	False	True	True	True	21T-1RT:missing;21T-2RT:proceed=False,path=True,locked=True,cancel=False;1RT-22T:missing;2RT-22T:missing	nt-approach	834.5054	edge:nt-approach:0:1000	834.3538	edge:nt-approach:0:1000	834.6579	edge:nt-approach:0:1000:AtoB
4307	64.6049985559657	20.25856	nt-approach	1014.809	edge:nt-approach:1000:1020	14.65856	edge:nt-approach:1000:1020	14.96244	AtoB	True	True	True	True	True	43264.5899985563	edge:nt-approach:1000:1020:AtoB,edge:nt-main:0:100:AtoB	True	edge:nt-approach:1000:1020,edge:nt-main:0:100,edge:nt-main:100:380	81	True	71.9147	False	False	True	True	True	21T-1RT:missing;21T-2RT:proceed=False,path=True,locked=True,cancel=False;1RT-22T:missing;2RT-22T:missing	nt-approach	834.8094	edge:nt-approach:0:1000	834.6579	edge:nt-approach:0:1000	834.9618	edge:nt-approach:0:1000:AtoB
4308	64.6199985556304	20.24598	nt-approach	1015.113	edge:nt-approach:1000:1020	14.96244	edge:nt-approach:1000:1020	15.26613	AtoB	True	True	True	True	True	43264.604998556	edge:nt-approach:1000:1020:AtoB,edge:nt-main:0:100:AtoB	True	edge:nt-approach:1000:1020,edge:nt-main:0:100,edge:nt-main:100:380	81	True	71.87637	False	False	True	True	True	21T-1RT:missing;21T-2RT:proceed=False,path=True,locked=True,cancel=False;1RT-22T:missing;2RT-22T:missing	nt-approach	835.1132	edge:nt-approach:0:1000	834.9618	edge:nt-approach:0:1000	835.2655	edge:nt-approach:0:1000:AtoB
4309	64.6349985552952	20.23338	nt-approach	1015.417	edge:nt-approach:1000:1020	15.26613	edge:nt-approach:1000:1020	15.56963	AtoB	True	True	True	True	True	43264.6199985556	edge:nt-approach:1000:1020:AtoB,edge:nt-main:0:100:AtoB	True	edge:nt-approach:1000:1020,edge:nt-main:0:100,edge:nt-main:100:380	81	True	71.83806	False	False	True	True	True	21T-1RT:missing;21T-2RT:proceed=False,path=True,locked=True,cancel=False;1RT-22T:missing;2RT-22T:missing	nt-approach	835.4167	edge:nt-approach:0:1000	835.2655	edge:nt-approach:0:1000	835.569	edge:nt-approach:0:1000:AtoB
4310	64.6499985549599	20.22078	nt-approach	1015.72	edge:nt-approach:1000:1020	15.56963	edge:nt-approach:1000:1020	15.87294	AtoB	True	True	True	True	True	43264.6349985553	edge:nt-approach:1000:1020:AtoB,edge:nt-main:0:100:AtoB	True	edge:nt-approach:1000:1020,edge:nt-main:0:100,edge:nt-main:100:380	81	True	71.79974	False	False	True	True	True	21T-1RT:missing;21T-2RT:proceed=False,path=True,locked=True,cancel=False;1RT-22T:missing;2RT-22T:missing	nt-approach	835.7202	edge:nt-approach:0:1000	835.569	edge:nt-approach:0:1000	835.8723	edge:nt-approach:0:1000:AtoB
4311	64.6649985546246	20.20817	nt-approach	1016.023	edge:nt-approach:1000:1020	15.87294	edge:nt-approach:1000:1020	16.17606	AtoB	True	True	True	True	True	43264.649998555	edge:nt-approach:1000:1020:AtoB,edge:nt-main:0:100:AtoB	True	edge:nt-approach:1000:1020,edge:nt-main:0:100,edge:nt-main:100:380	81	True	71.76144	False	False	True	True	True	21T-1RT:missing;21T-2RT:proceed=False,path=True,locked=True,cancel=False;1RT-22T:missing;2RT-22T:missing	nt-approach	836.0234	edge:nt-approach:0:1000	835.8723	edge:nt-approach:0:1000	836.1754	edge:nt-approach:0:1000:AtoB
4312	64.6799985542893	20.19561	nt-approach	1016.326	edge:nt-approach:1000:1020	16.17606	edge:nt-approach:1000:1020	16.479	AtoB	True	True	True	True	True	43264.6649985546	edge:nt-approach:1000:1020:AtoB,edge:nt-main:0:100:AtoB	True	edge:nt-approach:1000:1020,edge:nt-main:0:100,edge:nt-main:100:380	81	True	71.72313	False	False	True	True	True	21T-1RT:missing;21T-2RT:proceed=False,path=True,locked=True,cancel=False;1RT-22T:missing;2RT-22T:missing	nt-approach	836.3264	edge:nt-approach:0:1000	836.1754	edge:nt-approach:0:1000	836.4783	edge:nt-approach:0:1000:AtoB
4313	64.6949985539541	20.18304	nt-approach	1016.629	edge:nt-approach:1000:1020	16.479	edge:nt-approach:1000:1020	16.78174	AtoB	True	True	True	True	True	43264.6799985543	edge:nt-approach:1000:1020:AtoB,edge:nt-main:0:100:AtoB	True	edge:nt-approach:1000:1020,edge:nt-main:0:100,edge:nt-main:100:380	81	True	71.68483	False	False	True	True	True	21T-1RT:missing;21T-2RT:proceed=False,path=True,locked=True,cancel=False;1RT-22T:missing;2RT-22T:missing	nt-approach	836.6293	edge:nt-approach:0:1000	836.4783	edge:nt-approach:0:1000	836.7811	edge:nt-approach:0:1000:AtoB
4314	64.7099985536188	20.17047	nt-approach	1016.932	edge:nt-approach:1000:1020	16.78174	edge:nt-approach:1000:1020	17.0843	AtoB	True	True	True	True	True	43264.694998554	edge:nt-approach:1000:1020:AtoB,edge:nt-main:0:100:AtoB	True	edge:nt-approach:1000:1020,edge:nt-main:0:100,edge:nt-main:100:380	81	True	71.64653	False	False	True	True	True	21T-1RT:missing;21T-2RT:proceed=False,path=True,locked=True,cancel=False;1RT-22T:missing;2RT-22T:missing	nt-approach	836.9319	edge:nt-approach:0:1000	836.7811	edge:nt-approach:0:1000	837.0836	edge:nt-approach:0:1000:AtoB
4315	64.7249985532835	20.15788	nt-approach	1017.234	edge:nt-approach:1000:1020	17.0843	edge:nt-approach:1000:1020	17.38667	AtoB	True	True	True	True	True	43264.7099985536	edge:nt-approach:1000:1020:AtoB,edge:nt-main:0:100:AtoB	True	edge:nt-approach:1000:1020,edge:nt-main:0:100,edge:nt-main:100:380	81	True	71.60822	False	False	True	True	True	21T-1RT:missing;21T-2RT:proceed=False,path=True,locked=True,cancel=False;1RT-22T:missing;2RT-22T:missing	nt-approach	837.2344	edge:nt-approach:0:1000	837.0836	edge:nt-approach:0:1000	837.386	edge:nt-approach:0:1000:AtoB
4316	64.7399985529482	20.14528	nt-approach	1017.537	edge:nt-approach:1000:1020	17.38667	edge:nt-approach:1000:1020	17.68885	AtoB	True	True	True	True	True	43264.7249985533	edge:nt-approach:1000:1020:AtoB,edge:nt-main:0:100:AtoB	True	edge:nt-approach:1000:1020,edge:nt-main:0:100,edge:nt-main:100:380	81	True	71.56993	False	False	True	True	True	21T-1RT:missing;21T-2RT:proceed=False,path=True,locked=True,cancel=False;1RT-22T:missing;2RT-22T:missing	nt-approach	837.5367	edge:nt-approach:0:1000	837.386	edge:nt-approach:0:1000	837.6882	edge:nt-approach:0:1000:AtoB
4317	64.754998552613	20.13267	nt-approach	1017.839	edge:nt-approach:1000:1020	17.68885	edge:nt-approach:1000:1020	17.99084	AtoB	True	True	True	True	True	43264.7399985529	edge:nt-approach:1000:1020:AtoB,edge:nt-main:0:100:AtoB	True	edge:nt-approach:1000:1020,edge:nt-main:0:100,edge:nt-main:100:380	81	True	71.53165	False	False	True	True	True	21T-1RT:missing;21T-2RT:proceed=False,path=True,locked=True,cancel=False;1RT-22T:missing;2RT-22T:missing	nt-approach	837.8387	edge:nt-approach:0:1000	837.6882	edge:nt-approach:0:1000	837.9902	edge:nt-approach:0:1000:AtoB
4318	64.7699985522777	20.12013	nt-approach	1018.141	edge:nt-approach:1000:1020	17.99084	edge:nt-approach:1000:1020	18.29264	AtoB	True	True	True	True	True	43264.7549985526	edge:nt-approach:1000:1020:AtoB,edge:nt-main:0:100:AtoB	True	edge:nt-approach:1000:1020,edge:nt-main:0:100,edge:nt-main:100:380	81	True	71.49335	False	False	True	True	True	21T-1RT:missing;21T-2RT:proceed=False,path=True,locked=True,cancel=False;1RT-22T:missing;2RT-22T:missing	nt-approach	838.1406	edge:nt-approach:0:1000	837.9902	edge:nt-approach:0:1000	838.292	edge:nt-approach:0:1000:AtoB
4319	64.7849985519424	20.10761	nt-approach	1018.442	edge:nt-approach:1000:1020	18.29264	edge:nt-approach:1000:1020	18.59426	AtoB	True	True	True	True	True	43264.7699985523	edge:nt-approach:1000:1020:AtoB,edge:nt-main:0:100:AtoB	True	edge:nt-approach:1000:1020,edge:nt-main:0:100,edge:nt-main:100:380	81	True	71.45508	False	False	True	True	True	21T-1RT:missing;21T-2RT:proceed=False,path=True,locked=True,cancel=False;1RT-22T:missing;2RT-22T:missing	nt-approach	838.4423	edge:nt-approach:0:1000	838.292	edge:nt-approach:0:1000	838.5936	edge:nt-approach:0:1000:AtoB
4320	64.7999985516071	20.09509	nt-approach	1018.744	edge:nt-approach:1000:1020	18.59426	edge:nt-approach:1000:1020	18.89568	AtoB	True	True	True	True	True	43264.7849985519	edge:nt-approach:1000:1020:AtoB,edge:nt-main:0:100:AtoB	True	edge:nt-approach:1000:1020,edge:nt-main:0:100,edge:nt-main:100:380	81	True	71.41679	False	False	True	True	True	21T-1RT:missing;21T-2RT:proceed=False,path=True,locked=True,cancel=False;1RT-22T:missing;2RT-22T:missing	nt-approach	838.7438	edge:nt-approach:0:1000	838.5936	edge:nt-approach:0:1000	838.8951	edge:nt-approach:0:1000:AtoB
4321	64.8149985512719	20.08255	nt-approach	1019.045	edge:nt-approach:1000:1020	18.89568	edge:nt-approach:1000:1020	19.19692	AtoB	True	True	True	True	True	43264.7999985516	edge:nt-approach:1000:1020:AtoB,edge:nt-main:0:100:AtoB	True	edge:nt-approach:1000:1020,edge:nt-main:0:100,edge:nt-main:100:380	81	True	71.37852	False	False	True	True	True	21T-1RT:missing;21T-2RT:proceed=False,path=True,locked=True,cancel=False;1RT-22T:missing;2RT-22T:missing	nt-approach	839.0452	edge:nt-approach:0:1000	838.8951	edge:nt-approach:0:1000	839.1963	edge:nt-approach:0:1000:AtoB
4322	64.8299985509366	20.07	nt-approach	1019.346	edge:nt-approach:1000:1020	19.19692	edge:nt-approach:1000:1020	19.49797	AtoB	True	True	True	True	True	43264.8149985513	edge:nt-approach:1000:1020:AtoB,edge:nt-main:0:100:AtoB	True	edge:nt-approach:1000:1020,edge:nt-main:0:100,edge:nt-main:100:380	81	True	71.34025	False	False	True	True	True	21T-1RT:missing;21T-2RT:proceed=False,path=True,locked=True,cancel=False;1RT-22T:missing;2RT-22T:missing	nt-approach	839.3463	edge:nt-approach:0:1000	839.1963	edge:nt-approach:0:1000	839.4973	edge:nt-approach:0:1000:AtoB
4323	64.8449985506013	20.05744	nt-approach	1019.647	edge:nt-approach:1000:1020	19.49797	edge:nt-approach:1000:1020	19.79883	AtoB	True	True	True	True	True	43264.8299985509	edge:nt-approach:1000:1020:AtoB,edge:nt-main:0:100:AtoB	True	edge:nt-approach:1000:1020,edge:nt-main:0:100,edge:nt-main:100:380	81	True	71.30197	False	False	True	True	True	21T-1RT:missing;21T-2RT:proceed=False,path=True,locked=True,cancel=False;1RT-22T:missing;2RT-22T:missing	nt-approach	839.6473	edge:nt-approach:0:1000	839.4973	edge:nt-approach:0:1000	839.7982	edge:nt-approach:0:1000:AtoB
4324	64.859998550266	20.04487	nt-approach	1019.948	edge:nt-approach:1000:1020	19.79883	edge:nt-main:0:100	0.09950504	AtoB	True	True	True	True	True	43264.8449985506	edge:nt-approach:1000:1020:AtoB,edge:nt-main:0:100:AtoB	True	edge:nt-main:0:100,edge:nt-main:100:380	77	True	71.26371	False	False	True	True	True	21T-1RT:missing;21T-2RT:proceed=False,path=True,locked=True,cancel=False;1RT-22T:missing;2RT-22T:missing	nt-approach	839.9481	edge:nt-approach:0:1000	839.7982	edge:nt-approach:0:1000	840.0988	edge:nt-approach:0:1000:AtoB
